/* Auto-generated from wrapper_bcn_transcode.comp via glslc. Do not edit. */
#ifndef WRAPPER_BCN_SPV_H
#define WRAPPER_BCN_SPV_H
#include <stdint.h>
static const uint32_t wrapper_bcn_transcode_spv[] =
{0x07230203,0x00010000,0x000d000a,0x00001b60,
0x00000000,0x00020011,0x00000001,0x0006000b,
0x00000001,0x4c534c47,0x6474732e,0x3035342e,
0x00000000,0x0003000e,0x00000000,0x00000001,
0x0006000f,0x00000005,0x00000004,0x6e69616d,
0x00000000,0x00000a00,0x00060010,0x00000004,
0x00000011,0x00000008,0x00000008,0x00000001,
0x00040047,0x0000004a,0x00000006,0x00000004,
0x00040048,0x0000004b,0x00000000,0x00000018,
0x00050048,0x0000004b,0x00000000,0x00000023,
0x00000000,0x00030047,0x0000004b,0x00000003,
0x00040047,0x0000004d,0x00000022,0x00000000,
0x00040047,0x0000004d,0x00000021,0x00000000,
0x00040047,0x00000a00,0x0000000b,0x0000001c,
0x00050048,0x00000a08,0x00000000,0x00000023,
0x00000000,0x00050048,0x00000a08,0x00000001,
0x00000023,0x00000004,0x00050048,0x00000a08,
0x00000002,0x00000023,0x00000008,0x00050048,
0x00000a08,0x00000003,0x00000023,0x0000000c,
0x00050048,0x00000a08,0x00000004,0x00000023,
0x00000010,0x00050048,0x00000a08,0x00000005,
0x00000023,0x00000014,0x00030047,0x00000a08,
0x00000002,0x00040047,0x00000a47,0x00000006,
0x00000004,0x00040048,0x00000a48,0x00000000,
0x00000019,0x00050048,0x00000a48,0x00000000,
0x00000023,0x00000000,0x00030047,0x00000a48,
0x00000003,0x00040047,0x00000a4a,0x00000022,
0x00000000,0x00040047,0x00000a4a,0x00000021,
0x00000001,0x00040047,0x00000a5f,0x0000000b,
0x00000019,0x00020013,0x00000002,0x00030021,
0x00000003,0x00000002,0x00040015,0x00000006,
0x00000020,0x00000000,0x00040020,0x00000007,
0x00000007,0x00000006,0x00040015,0x00000015,
0x00000020,0x00000001,0x00040020,0x00000016,
0x00000007,0x00000015,0x0004002b,0x00000006,
0x0000002d,0x00000008,0x0004001c,0x0000002e,
0x00000015,0x0000002d,0x00040020,0x0000002f,
0x00000007,0x0000002e,0x0004002b,0x00000006,
0x0000003a,0x00000010,0x0004001c,0x0000003b,
0x00000006,0x0000003a,0x0004002b,0x00000006,
0x00000045,0x000000ff,0x0003001d,0x0000004a,
0x00000006,0x0003001e,0x0000004b,0x0000004a,
0x00040020,0x0000004c,0x00000002,0x0000004b,
0x0004003b,0x0000004c,0x0000004d,0x00000002,
0x0004002b,0x00000015,0x0000004e,0x00000000,
0x00040020,0x00000050,0x00000002,0x00000006,
0x0004002b,0x00000006,0x00000055,0x00000001,
0x0004002b,0x00000006,0x0000005b,0x0000ffff,
0x0004002b,0x00000006,0x00000062,0x0000000b,
0x0004002b,0x00000006,0x00000064,0x0000001f,
0x0004002b,0x00000006,0x00000068,0x00000005,
0x0004002b,0x00000006,0x0000006a,0x0000003f,
0x0004002b,0x00000006,0x0000007c,0x0000020f,
0x0004002b,0x00000006,0x0000007e,0x00000017,
0x0004002b,0x00000006,0x00000080,0x00000006,
0x0004002b,0x00000006,0x00000084,0x00000103,
0x0004002b,0x00000006,0x00000086,0x00000021,
0x0004002b,0x00000006,0x0000008e,0x00000004,
0x0004001c,0x0000008f,0x00000006,0x0000008e,
0x00040020,0x00000090,0x00000007,0x0000008f,
0x0004002b,0x00000006,0x00000092,0xff000000,
0x0004002b,0x00000015,0x000000a8,0x00000001,
0x00020014,0x000000b4,0x0004002b,0x00000006,
0x000000b8,0x00000002,0x0004002b,0x00000006,
0x000000bd,0x0000015f,0x0004002b,0x00000006,
0x000000bf,0x0000003d,0x0004002b,0x00000006,
0x000000c1,0x00000007,0x0004002b,0x00000006,
0x000000c7,0x00000acb,0x0004002b,0x00000006,
0x000000c9,0x0000040f,0x0004002b,0x00000015,
0x000000d3,0x00000002,0x0004002b,0x00000015,
0x000000f2,0x00000003,0x0004002b,0x00000006,
0x00000100,0x0000041d,0x0004002b,0x00000006,
0x00000102,0x0000007d,0x0004002b,0x00000006,
0x00000108,0x00001031,0x0004002b,0x00000006,
0x0000010a,0x000003fb,0x0004002b,0x00000006,
0x0000011c,0x00000000,0x0004002b,0x00000006,
0x0000012b,0x00000003,0x0004002b,0x00000015,
0x00000158,0x00000040,0x0004002b,0x00000015,
0x00000160,0x00000020,0x0004002b,0x00000015,
0x00000162,0x00000006,0x0004002b,0x00000015,
0x0000017e,0x00000008,0x0004002b,0x00000015,
0x000001a9,0x00000007,0x0004002b,0x00000015,
0x000001be,0x00000004,0x0004002b,0x00000015,
0x000001c1,0x00000005,0x0004001c,0x000001e1,
0x00000015,0x0000008e,0x0004001c,0x000001e2,
0x000001e1,0x00000080,0x00040020,0x000001e3,
0x00000007,0x000001e2,0x000b002c,0x0000002e,
0x000001e7,0x000001be,0x00000162,0x000001c1,
0x000001a9,0x000001c1,0x000001a9,0x000001a9,
0x000001c1,0x000b002c,0x0000002e,0x000001f5,
0x0000004e,0x0000004e,0x0000004e,0x0000004e,
0x00000162,0x0000017e,0x000001a9,0x000001c1,
0x0004002b,0x00000015,0x00000213,0x000000cb,
0x0004002b,0x00000015,0x000002f9,0x000000ff,
0x0004002b,0x00000015,0x00000330,0x00000080,
0x0004002b,0x00000006,0x00000338,0x00000400,
0x0004001c,0x00000339,0x00000006,0x00000338,
0x0004002b,0x00000006,0x0000033a,0x00000080,
0x0004002b,0x00000006,0x0000033b,0x00000081,
0x0004002b,0x00000006,0x0000033c,0x00000082,
0x0403002c,0x00000339,0x0000033d,0x0000033a,
0x0000011c,0x00000055,0x0000033b,0x0000011c,
0x0000011c,0x00000055,0x00000055,0x0000011c,
0x000000b8,0x000000b8,0x00000055,0x000000b8,
0x000000b8,0x000000b8,0x0000033c,0x0000033a,
0x0000011c,0x0000011c,0x0000033b,0x0000011c,
0x0000011c,0x00000055,0x00000055,0x0000033c,
0x000000b8,0x00000055,0x00000055,0x000000b8,
0x000000b8,0x000000b8,0x00000055,0x0000033a,
0x0000011c,0x0000011c,0x0000011c,0x000000b8,
0x0000011c,0x0000011c,0x00000055,0x0000033c,
0x000000b8,0x00000055,0x00000055,0x000000b8,
0x000000b8,0x00000055,0x0000033b,0x0000033a,
0x000000b8,0x000000b8,0x0000033c,0x0000011c,
0x0000011c,0x000000b8,0x000000b8,0x0000011c,
0x0000011c,0x00000055,0x00000055,0x0000011c,
0x00000055,0x00000055,0x0000033b,0x0000033a,
0x0000011c,0x0000011c,0x0000011c,0x0000011c,
0x0000011c,0x0000011c,0x0000011c,0x0000033b,
0x00000055,0x000000b8,0x000000b8,0x00000055,
0x00000055,0x000000b8,0x0000033c,0x0000033a,
0x0000011c,0x00000055,0x0000033b,0x0000011c,
0x0000011c,0x00000055,0x00000055,0x0000011c,
0x0000011c,0x000000b8,0x000000b8,0x0000011c,
0x0000011c,0x000000b8,0x0000033c,0x0000033a,
0x0000011c,0x000000b8,0x0000033c,0x0000011c,
0x0000011c,0x000000b8,0x000000b8,0x00000055,
0x00000055,0x00000055,0x00000055,0x00000055,
0x00000055,0x00000055,0x0000033b,0x0000033a,
0x0000011c,0x00000055,0x00000055,0x0000011c,
0x0000011c,0x00000055,0x00000055,0x0000033c,
0x000000b8,0x00000055,0x00000055,0x000000b8,
0x000000b8,0x00000055,0x0000033b,0x0000033a,
0x0000011c,0x0000011c,0x0000011c,0x0000011c,
0x0000011c,0x0000011c,0x0000011c,0x0000033b,
0x00000055,0x00000055,0x00000055,0x000000b8,
0x000000b8,0x000000b8,0x0000033c,0x0000033a,
0x0000011c,0x0000011c,0x0000011c,0x00000055,
0x00000055,0x00000055,0x00000055,0x0000033b,
0x00000055,0x00000055,0x00000055,0x000000b8,
0x000000b8,0x000000b8,0x0000033c,0x0000033a,
0x0000011c,0x0000011c,0x0000011c,0x00000055,
0x00000055,0x0000033b,0x00000055,0x000000b8,
0x000000b8,0x000000b8,0x000000b8,0x000000b8,
0x000000b8,0x000000b8,0x0000033c,0x0000033a,
0x0000011c,0x00000055,0x000000b8,0x0000011c,
0x0000011c,0x0000033b,0x000000b8,0x0000011c,
0x0000011c,0x00000055,0x000000b8,0x0000011c,
0x0000011c,0x00000055,0x0000033c,0x0000033a,
0x00000055,0x00000055,0x000000b8,0x0000011c,
0x00000055,0x0000033b,0x000000b8,0x0000011c,
0x00000055,0x00000055,0x000000b8,0x0000011c,
0x00000055,0x00000055,0x0000033c,0x0000033a,
0x00000055,0x000000b8,0x000000b8,0x0000011c,
0x0000033b,0x000000b8,0x000000b8,0x0000011c,
0x00000055,0x000000b8,0x000000b8,0x0000011c,
0x00000055,0x000000b8,0x0000033c,0x0000033a,
0x0000011c,0x00000055,0x0000033b,0x0000011c,
0x00000055,0x00000055,0x000000b8,0x00000055,
0x00000055,0x000000b8,0x000000b8,0x00000055,
0x000000b8,0x000000b8,0x0000033c,0x0000033a,
0x0000011c,0x00000055,0x0000033b,0x000000b8,
0x0000011c,0x0000011c,0x00000055,0x0000033c,
0x000000b8,0x0000011c,0x0000011c,0x000000b8,
0x000000b8,0x000000b8,0x0000011c,0x0000033a,
0x0000011c,0x0000011c,0x0000033b,0x0000011c,
0x0000011c,0x00000055,0x00000055,0x0000011c,
0x00000055,0x00000055,0x000000b8,0x00000055,
0x00000055,0x000000b8,0x0000033c,0x0000033a,
0x00000055,0x00000055,0x0000033b,0x0000011c,
0x0000011c,0x00000055,0x00000055,0x0000033c,
0x0000011c,0x0000011c,0x00000055,0x000000b8,
0x000000b8,0x0000011c,0x0000011c,0x0000033a,
0x0000011c,0x0000011c,0x0000011c,0x00000055,
0x00000055,0x000000b8,0x000000b8,0x0000033b,
0x00000055,0x000000b8,0x000000b8,0x00000055,
0x00000055,0x000000b8,0x0000033c,0x0000033a,
0x0000011c,0x000000b8,0x0000033c,0x0000011c,
0x0000011c,0x000000b8,0x000000b8,0x0000011c,
0x0000011c,0x000000b8,0x000000b8,0x00000055,
0x00000055,0x00000055,0x0000033b,0x0000033a,
0x00000055,0x00000055,0x0000033b,0x0000011c,
0x00000055,0x00000055,0x00000055,0x0000011c,
0x000000b8,0x000000b8,0x000000b8,0x0000011c,
0x000000b8,0x000000b8,0x0000033c,0x0000033a,
0x0000011c,0x0000011c,0x0000033b,0x0000011c,
0x0000011c,0x0000011c,0x00000055,0x0000033c,
0x000000b8,0x000000b8,0x00000055,0x000000b8,
0x000000b8,0x000000b8,0x00000055,0x0000033a,
0x0000011c,0x0000011c,0x0000011c,0x0000011c,
0x0000011c,0x0000033b,0x00000055,0x0000011c,
0x00000055,0x000000b8,0x000000b8,0x0000011c,
0x00000055,0x000000b8,0x0000033c,0x0000033a,
0x0000011c,0x0000011c,0x0000011c,0x00000055,
0x00000055,0x0000011c,0x0000011c,0x0000033c,
0x000000b8,0x0000033b,0x0000011c,0x000000b8,
0x000000b8,0x00000055,0x0000011c,0x0000033a,
0x00000055,0x000000b8,0x0000033c,0x0000011c,
0x0000033b,0x000000b8,0x000000b8,0x0000011c,
0x0000011c,0x00000055,0x00000055,0x0000011c,
0x0000011c,0x0000011c,0x0000011c,0x0000033a,
0x0000011c,0x00000055,0x000000b8,0x0000011c,
0x0000011c,0x00000055,0x000000b8,0x0000033b,
0x00000055,0x000000b8,0x000000b8,0x000000b8,
0x000000b8,0x000000b8,0x0000033c,0x0000033a,
0x00000055,0x00000055,0x0000011c,0x00000055,
0x000000b8,0x0000033c,0x00000055,0x0000033b,
0x000000b8,0x000000b8,0x00000055,0x0000011c,
0x00000055,0x00000055,0x0000011c,0x0000033a,
0x0000011c,0x0000011c,0x0000011c,0x0000011c,
0x00000055,0x0000033b,0x0000011c,0x00000055,
0x000000b8,0x0000033c,0x00000055,0x00000055,
0x000000b8,0x000000b8,0x00000055,0x0000033a,
0x0000011c,0x000000b8,0x000000b8,0x00000055,
0x00000055,0x0000011c,0x000000b8,0x0000033b,
0x00000055,0x0000011c,0x000000b8,0x0000011c,
0x0000011c,0x000000b8,0x0000033c,0x0000033a,
0x00000055,0x00000055,0x0000011c,0x0000011c,
0x0000033b,0x00000055,0x0000011c,0x000000b8,
0x0000011c,0x0000011c,0x000000b8,0x000000b8,
0x000000b8,0x000000b8,0x0000033c,0x0000033a,
0x0000011c,0x00000055,0x00000055,0x0000011c,
0x00000055,0x000000b8,0x000000b8,0x0000011c,
0x00000055,0x0000033c,0x000000b8,0x0000011c,
0x0000011c,0x00000055,0x0000033b,0x0000033a,
0x0000011c,0x0000011c,0x0000011c,0x000000b8,
0x0000011c,0x0000011c,0x0000011c,0x0000033c,
0x000000b8,0x00000055,0x00000055,0x000000b8,
0x000000b8,0x000000b8,0x0000033b,0x0000033a,
0x0000011c,0x0000011c,0x0000011c,0x0000011c,
0x0000011c,0x0000011c,0x000000b8,0x0000033b,
0x00000055,0x000000b8,0x000000b8,0x00000055,
0x000000b8,0x000000b8,0x0000033c,0x0000033a,
0x000000b8,0x000000b8,0x0000033c,0x0000011c,
0x0000011c,0x000000b8,0x000000b8,0x0000011c,
0x0000011c,0x00000055,0x000000b8,0x0000011c,
0x0000011c,0x00000055,0x0000033b,0x0000033a,
0x0000011c,0x00000055,0x0000033b,0x0000011c,
0x0000011c,0x00000055,0x000000b8,0x0000011c,
0x0000011c,0x000000b8,0x000000b8,0x0000011c,
0x000000b8,0x000000b8,0x0000033c,0x0000033a,
0x00000055,0x000000b8,0x0000011c,0x0000011c,
0x0000033b,0x000000b8,0x0000011c,0x0000011c,
0x00000055,0x0000033c,0x0000011c,0x0000011c,
0x00000055,0x000000b8,0x0000011c,0x0000033a,
0x0000011c,0x0000011c,0x0000011c,0x00000055,
0x00000055,0x0000033b,0x00000055,0x000000b8,
0x000000b8,0x0000033c,0x000000b8,0x0000011c,
0x0000011c,0x0000011c,0x0000011c,0x0000033a,
0x00000055,0x000000b8,0x0000011c,0x00000055,
0x000000b8,0x0000011c,0x00000055,0x0000033c,
0x0000011c,0x0000033b,0x000000b8,0x0000011c,
0x00000055,0x000000b8,0x0000011c,0x0000033a,
0x00000055,0x000000b8,0x0000011c,0x000000b8,
0x0000011c,0x00000055,0x000000b8,0x0000033b,
0x0000033c,0x0000011c,0x00000055,0x0000011c,
0x00000055,0x000000b8,0x0000011c,0x0000033a,
0x0000011c,0x00000055,0x00000055,0x000000b8,
0x000000b8,0x0000011c,0x0000011c,0x00000055,
0x00000055,0x0000033c,0x000000b8,0x0000011c,
0x0000011c,0x00000055,0x0000033b,0x0000033a,
0x0000011c,0x00000055,0x00000055,0x00000055,
0x00000055,0x0000033c,0x000000b8,0x000000b8,
0x000000b8,0x0000011c,0x0000011c,0x0000011c,
0x0000011c,0x00000055,0x0000033b,0x0000033a,
0x00000055,0x0000011c,0x0000033b,0x0000011c,
0x00000055,0x0000011c,0x00000055,0x000000b8,
0x000000b8,0x000000b8,0x000000b8,0x000000b8,
0x000000b8,0x000000b8,0x0000033c,0x0000033a,
0x0000011c,0x0000011c,0x0000011c,0x0000011c,
0x0000011c,0x0000011c,0x0000011c,0x0000033c,
0x00000055,0x000000b8,0x00000055,0x000000b8,
0x00000055,0x000000b8,0x0000033b,0x0000033a,
0x0000011c,0x000000b8,0x000000b8,0x00000055,
0x0000033b,0x000000b8,0x000000b8,0x0000011c,
0x0000011c,0x000000b8,0x000000b8,0x00000055,
0x00000055,0x000000b8,0x0000033c,0x0000033a,
0x0000011c,0x000000b8,0x0000033c,0x0000011c,
0x0000011c,0x00000055,0x00000055,0x0000011c,
0x0000011c,0x000000b8,0x000000b8,0x0000011c,
0x0000011c,0x00000055,0x0000033b,0x0000033a,
0x000000b8,0x000000b8,0x0000011c,0x00000055,
0x000000b8,0x0000033c,0x00000055,0x0000011c,
0x000000b8,0x000000b8,0x0000011c,0x00000055,
0x000000b8,0x000000b8,0x0000033b,0x0000033a,
0x00000055,0x0000011c,0x00000055,0x000000b8,
0x000000b8,0x0000033c,0x000000b8,0x000000b8,
0x000000b8,0x000000b8,0x000000b8,0x0000011c,
0x00000055,0x0000011c,0x0000033b,0x0000033a,
0x0000011c,0x0000011c,0x0000011c,0x000000b8,
0x00000055,0x000000b8,0x00000055,0x0000033c,
0x00000055,0x000000b8,0x00000055,0x000000b8,
0x00000055,0x000000b8,0x0000033b,0x0000033a,
0x00000055,0x0000011c,0x0000033b,0x0000011c,
0x00000055,0x0000011c,0x00000055,0x0000011c,
0x00000055,0x0000011c,0x00000055,0x000000b8,
0x000000b8,0x000000b8,0x0000033c,0x0000033a,
0x000000b8,0x000000b8,0x0000033c,0x0000011c,
0x00000055,0x00000055,0x00000055,0x0000011c,
0x000000b8,0x000000b8,0x000000b8,0x0000011c,
0x00000055,0x00000055,0x0000033b,0x0000033a,
0x0000011c,0x0000011c,0x000000b8,0x00000055,
0x0000033b,0x00000055,0x000000b8,0x0000011c,
0x0000011c,0x0000011c,0x000000b8,0x00000055,
0x00000055,0x00000055,0x0000033c,0x0000033a,
0x0000011c,0x0000011c,0x0000011c,0x000000b8,
0x0000033b,0x00000055,0x000000b8,0x000000b8,
0x00000055,0x00000055,0x000000b8,0x000000b8,
0x00000055,0x00000055,0x0000033c,0x0000033a,
0x000000b8,0x000000b8,0x000000b8,0x0000011c,
0x0000033b,0x00000055,0x00000055,0x0000011c,
0x00000055,0x00000055,0x00000055,0x0000011c,
0x000000b8,0x000000b8,0x0000033c,0x0000033a,
0x0000011c,0x0000011c,0x000000b8,0x00000055,
0x00000055,0x00000055,0x000000b8,0x0000033b,
0x00000055,0x00000055,0x000000b8,0x0000011c,
0x0000011c,0x0000011c,0x0000033c,0x0000033a,
0x00000055,0x00000055,0x0000011c,0x0000011c,
0x0000033b,0x00000055,0x0000011c,0x0000011c,
0x00000055,0x00000055,0x0000011c,0x000000b8,
0x000000b8,0x000000b8,0x0000033c,0x0000033a,
0x0000011c,0x0000011c,0x0000011c,0x0000011c,
0x0000011c,0x0000011c,0x0000011c,0x000000b8,
0x00000055,0x0000033b,0x000000b8,0x000000b8,
0x00000055,0x00000055,0x0000033c,0x0000033a,
0x00000055,0x00000055,0x0000011c,0x0000011c,
0x0000033b,0x00000055,0x0000011c,0x000000b8,
0x000000b8,0x000000b8,0x000000b8,0x000000b8,
0x000000b8,0x000000b8,0x0000033c,0x0000033a,
0x0000011c,0x000000b8,0x000000b8,0x0000011c,
0x0000011c,0x00000055,0x00000055,0x0000011c,
0x0000011c,0x0000033b,0x00000055,0x0000011c,
0x0000011c,0x000000b8,0x0000033c,0x0000033a,
0x0000011c,0x000000b8,0x000000b8,0x00000055,
0x00000055,0x000000b8,0x000000b8,0x0000033b,
0x00000055,0x000000b8,0x000000b8,0x0000011c,
0x0000011c,0x000000b8,0x0000033c,0x0000033a,
0x0000011c,0x0000011c,0x0000011c,0x0000011c,
0x0000011c,0x0000011c,0x0000011c,0x0000011c,
0x0000011c,0x0000011c,0x0000011c,0x000000b8,
0x0000033b,0x00000055,0x0000033c,0x0000033a,
0x0000011c,0x0000011c,0x0000033c,0x0000011c,
0x0000011c,0x0000011c,0x00000055,0x0000011c,
0x0000011c,0x0000011c,0x000000b8,0x0000011c,
0x0000011c,0x0000011c,0x0000033b,0x0000033a,
0x000000b8,0x000000b8,0x000000b8,0x00000055,
0x000000b8,0x000000b8,0x000000b8,0x0000011c,
0x000000b8,0x000000b8,0x000000b8,0x0000033b,
0x000000b8,0x000000b8,0x0000033c,0x0000033a,
0x00000055,0x0000011c,0x0000033b,0x000000b8,
0x000000b8,0x000000b8,0x000000b8,0x000000b8,
0x000000b8,0x000000b8,0x000000b8,0x000000b8,
0x000000b8,0x000000b8,0x0000033c,0x0000033a,
0x00000055,0x00000055,0x0000033b,0x000000b8,
0x0000011c,0x00000055,0x00000055,0x0000033c,
0x000000b8,0x0000011c,0x00000055,0x000000b8,
0x000000b8,0x000000b8,0x0000011c,0x0004002b,
0x00000015,0x0000033f,0x00000010,0x00040020,
0x00000346,0x00000007,0x00000339,0x0403002c,
0x00000339,0x0000034c,0x0000033a,0x0000011c,
0x00000055,0x00000055,0x0000011c,0x0000011c,
0x00000055,0x00000055,0x0000011c,0x0000011c,
0x00000055,0x00000055,0x0000011c,0x0000011c,
0x00000055,0x0000033b,0x0000033a,0x0000011c,
0x0000011c,0x00000055,0x0000011c,0x0000011c,
0x0000011c,0x00000055,0x0000011c,0x0000011c,
0x0000011c,0x00000055,0x0000011c,0x0000011c,
0x0000011c,0x0000033b,0x0000033a,0x00000055,
0x00000055,0x00000055,0x0000011c,0x00000055,
0x00000055,0x00000055,0x0000011c,0x00000055,
0x00000055,0x00000055,0x0000011c,0x00000055,
0x00000055,0x0000033b,0x0000033a,0x0000011c,
0x0000011c,0x00000055,0x0000011c,0x0000011c,
0x00000055,0x00000055,0x0000011c,0x0000011c,
0x00000055,0x00000055,0x0000011c,0x00000055,
0x00000055,0x0000033b,0x0000033a,0x0000011c,
0x0000011c,0x0000011c,0x0000011c,0x0000011c,
0x0000011c,0x00000055,0x0000011c,0x0000011c,
0x0000011c,0x00000055,0x0000011c,0x0000011c,
0x00000055,0x0000033b,0x0000033a,0x0000011c,
0x00000055,0x00000055,0x0000011c,0x00000055,
0x00000055,0x00000055,0x0000011c,0x00000055,
0x00000055,0x00000055,0x00000055,0x00000055,
0x00000055,0x0000033b,0x0000033a,0x0000011c,
0x0000011c,0x00000055,0x0000011c,0x0000011c,
0x00000055,0x00000055,0x0000011c,0x00000055,
0x00000055,0x00000055,0x00000055,0x00000055,
0x00000055,0x0000033b,0x0000033a,0x0000011c,
0x0000011c,0x0000011c,0x0000011c,0x0000011c,
0x0000011c,0x00000055,0x0000011c,0x0000011c,
0x00000055,0x00000055,0x0000011c,0x00000055,
0x00000055,0x0000033b,0x0000033a,0x0000011c,
0x0000011c,0x0000011c,0x0000011c,0x0000011c,
0x0000011c,0x0000011c,0x0000011c,0x0000011c,
0x0000011c,0x00000055,0x0000011c,0x0000011c,
0x00000055,0x0000033b,0x0000033a,0x0000011c,
0x00000055,0x00000055,0x0000011c,0x00000055,
0x00000055,0x00000055,0x00000055,0x00000055,
0x00000055,0x00000055,0x00000055,0x00000055,
0x00000055,0x0000033b,0x0000033a,0x0000011c,
0x0000011c,0x0000011c,0x0000011c,0x0000011c,
0x0000011c,0x00000055,0x0000011c,0x00000055,
0x00000055,0x00000055,0x00000055,0x00000055,
0x00000055,0x0000033b,0x0000033a,0x0000011c,
0x0000011c,0x0000011c,0x0000011c,0x0000011c,
0x0000011c,0x0000011c,0x0000011c,0x0000011c,
0x0000011c,0x00000055,0x0000011c,0x00000055,
0x00000055,0x0000033b,0x0000033a,0x0000011c,
0x0000011c,0x00000055,0x0000011c,0x00000055,
0x00000055,0x00000055,0x00000055,0x00000055,
0x00000055,0x00000055,0x00000055,0x00000055,
0x00000055,0x0000033b,0x0000033a,0x0000011c,
0x0000011c,0x0000011c,0x0000011c,0x0000011c,
0x0000011c,0x0000011c,0x00000055,0x00000055,
0x00000055,0x00000055,0x00000055,0x00000055,
0x00000055,0x0000033b,0x0000033a,0x0000011c,
0x0000011c,0x0000011c,0x00000055,0x00000055,
0x00000055,0x00000055,0x00000055,0x00000055,
0x00000055,0x00000055,0x00000055,0x00000055,
0x00000055,0x0000033b,0x0000033a,0x0000011c,
0x0000011c,0x0000011c,0x0000011c,0x0000011c,
0x0000011c,0x0000011c,0x0000011c,0x0000011c,
0x0000011c,0x0000011c,0x00000055,0x00000055,
0x00000055,0x0000033b,0x0000033a,0x0000011c,
0x0000011c,0x0000011c,0x00000055,0x0000011c,
0x0000011c,0x0000011c,0x00000055,0x00000055,
0x00000055,0x0000011c,0x00000055,0x00000055,
0x00000055,0x0000033b,0x0000033a,0x00000055,
0x0000033b,0x00000055,0x0000011c,0x0000011c,
0x0000011c,0x00000055,0x0000011c,0x0000011c,
0x0000011c,0x0000011c,0x0000011c,0x0000011c,
0x0000011c,0x0000011c,0x0000033a,0x0000011c,
0x0000011c,0x0000011c,0x0000011c,0x0000011c,
0x0000011c,0x0000011c,0x0000033b,0x0000011c,
0x0000011c,0x0000011c,0x00000055,0x00000055,
0x00000055,0x0000011c,0x0000033a,0x00000055,
0x0000033b,0x00000055,0x0000011c,0x0000011c,
0x00000055,0x00000055,0x0000011c,0x0000011c,
0x0000011c,0x00000055,0x0000011c,0x0000011c,
0x0000011c,0x0000011c,0x0000033a,0x0000011c,
0x0000033b,0x00000055,0x0000011c,0x0000011c,
0x0000011c,0x00000055,0x0000011c,0x0000011c,
0x0000011c,0x0000011c,0x0000011c,0x0000011c,
0x0000011c,0x0000011c,0x0000033a,0x0000011c,
0x0000011c,0x0000011c,0x00000055,0x0000011c,
0x0000011c,0x0000011c,0x0000033b,0x00000055,
0x0000011c,0x0000011c,0x00000055,0x00000055,
0x00000055,0x0000011c,0x0000033a,0x0000011c,
0x0000011c,0x0000011c,0x0000011c,0x0000011c,
0x0000011c,0x0000011c,0x0000033b,0x0000011c,
0x0000011c,0x0000011c,0x00000055,0x00000055,
0x0000011c,0x0000011c,0x0000033a,0x00000055,
0x00000055,0x00000055,0x0000011c,0x0000011c,
0x00000055,0x00000055,0x0000011c,0x0000011c,
0x00000055,0x00000055,0x0000011c,0x0000011c,
0x0000011c,0x0000033b,0x0000033a,0x0000011c,
0x0000033b,0x00000055,0x0000011c,0x0000011c,
0x0000011c,0x00000055,0x0000011c,0x0000011c,
0x0000011c,0x00000055,0x0000011c,0x0000011c,
0x0000011c,0x0000011c,0x0000033a,0x0000011c,
0x0000011c,0x0000011c,0x00000055,0x0000011c,
0x0000011c,0x0000011c,0x0000033b,0x0000011c,
0x0000011c,0x0000011c,0x00000055,0x00000055,
0x0000011c,0x0000011c,0x0000033a,0x00000055,
0x0000033b,0x0000011c,0x0000011c,0x00000055,
0x00000055,0x0000011c,0x0000011c,0x00000055,
0x00000055,0x0000011c,0x0000011c,0x00000055,
0x00000055,0x0000011c,0x0000033a,0x0000011c,
0x0000033b,0x00000055,0x0000011c,0x00000055,
0x00000055,0x0000011c,0x0000011c,0x00000055,
0x00000055,0x0000011c,0x00000055,0x00000055,
0x0000011c,0x0000011c,0x0000033a,0x0000011c,
0x0000011c,0x00000055,0x0000011c,0x00000055,
0x00000055,0x00000055,0x0000033b,0x00000055,
0x00000055,0x0000011c,0x00000055,0x0000011c,
0x0000011c,0x0000011c,0x0000033a,0x0000011c,
0x0000011c,0x0000011c,0x00000055,0x00000055,
0x00000055,0x00000055,0x0000033b,0x00000055,
0x00000055,0x00000055,0x0000011c,0x0000011c,
0x0000011c,0x0000011c,0x0000033a,0x00000055,
0x0000033b,0x00000055,0x0000011c,0x0000011c,
0x0000011c,0x00000055,0x00000055,0x0000011c,
0x0000011c,0x0000011c,0x00000055,0x00000055,
0x00000055,0x0000011c,0x0000033a,0x0000011c,
0x0000033b,0x00000055,0x00000055,0x0000011c,
0x0000011c,0x00000055,0x00000055,0x0000011c,
0x0000011c,0x00000055,0x00000055,0x00000055,
0x0000011c,0x0000011c,0x0000033a,0x00000055,
0x0000011c,0x00000055,0x0000011c,0x00000055,
0x0000011c,0x00000055,0x0000011c,0x00000055,
0x0000011c,0x00000055,0x0000011c,0x00000055,
0x0000011c,0x0000033b,0x0000033a,0x0000011c,
0x0000011c,0x0000011c,0x00000055,0x00000055,
0x00000055,0x00000055,0x0000011c,0x0000011c,
0x0000011c,0x0000011c,0x00000055,0x00000055,
0x00000055,0x0000033b,0x0000033a,0x00000055,
0x0000011c,0x00000055,0x00000055,0x0000011c,
0x0000033b,0x0000011c,0x0000011c,0x00000055,
0x0000011c,0x00000055,0x00000055,0x0000011c,
0x00000055,0x0000011c,0x0000033a,0x0000011c,
0x00000055,0x00000055,0x0000011c,0x0000011c,
0x00000055,0x00000055,0x0000033b,0x00000055,
0x0000011c,0x0000011c,0x00000055,0x00000055,
0x0000011c,0x0000011c,0x0000033a,0x0000011c,
0x0000033b,0x00000055,0x00000055,0x00000055,
0x0000011c,0x0000011c,0x0000011c,0x0000011c,
0x00000055,0x00000055,0x00000055,0x00000055,
0x0000011c,0x0000011c,0x0000033a,0x00000055,
0x0000011c,0x00000055,0x0000011c,0x00000055,
0x0000011c,0x00000055,0x0000033b,0x0000011c,
0x00000055,0x0000011c,0x00000055,0x0000011c,
0x00000055,0x0000011c,0x0000033a,0x00000055,
0x00000055,0x0000011c,0x00000055,0x0000011c,
0x0000011c,0x00000055,0x0000011c,0x00000055,
0x00000055,0x0000011c,0x00000055,0x0000011c,
0x0000011c,0x0000033b,0x0000033a,0x00000055,
0x0000011c,0x00000055,0x00000055,0x0000011c,
0x00000055,0x0000011c,0x00000055,0x0000011c,
0x00000055,0x0000011c,0x0000011c,0x00000055,
0x0000011c,0x0000033b,0x0000033a,0x00000055,
0x0000033b,0x00000055,0x0000011c,0x0000011c,
0x00000055,0x00000055,0x00000055,0x00000055,
0x0000011c,0x0000011c,0x00000055,0x00000055,
0x00000055,0x0000011c,0x0000033a,0x0000011c,
0x0000011c,0x00000055,0x0000011c,0x0000011c,
0x00000055,0x00000055,0x0000033b,0x00000055,
0x0000011c,0x0000011c,0x00000055,0x0000011c,
0x0000011c,0x0000011c,0x0000033a,0x0000011c,
0x0000033b,0x00000055,0x0000011c,0x0000011c,
0x00000055,0x0000011c,0x0000011c,0x00000055,
0x0000011c,0x0000011c,0x00000055,0x00000055,
0x0000011c,0x0000011c,0x0000033a,0x0000011c,
0x0000033b,0x00000055,0x00000055,0x0000011c,
0x00000055,0x00000055,0x00000055,0x00000055,
0x0000011c,0x00000055,0x00000055,0x00000055,
0x0000011c,0x0000011c,0x0000033a,0x00000055,
0x0000033b,0x0000011c,0x00000055,0x0000011c,
0x0000011c,0x00000055,0x00000055,0x0000011c,
0x0000011c,0x00000055,0x0000011c,0x00000055,
0x00000055,0x0000011c,0x0000033a,0x0000011c,
0x00000055,0x00000055,0x00000055,0x00000055,
0x0000011c,0x0000011c,0x00000055,0x00000055,
0x0000011c,0x0000011c,0x0000011c,0x0000011c,
0x00000055,0x0000033b,0x0000033a,0x00000055,
0x00000055,0x0000011c,0x0000011c,0x00000055,
0x00000055,0x0000011c,0x00000055,0x0000011c,
0x0000011c,0x00000055,0x00000055,0x0000011c,
0x0000011c,0x0000033b,0x0000033a,0x0000011c,
0x0000011c,0x0000011c,0x0000011c,0x00000055,
0x0000033b,0x0000011c,0x0000011c,0x00000055,
0x00000055,0x0000011c,0x0000011c,0x0000011c,
0x0000011c,0x0000011c,0x0000033a,0x00000055,
0x0000011c,0x0000011c,0x00000055,0x00000055,
0x0000033b,0x0000011c,0x0000011c,0x00000055,
0x0000011c,0x0000011c,0x0000011c,0x0000011c,
0x0000011c,0x0000011c,0x0000033a,0x0000011c,
0x0000033b,0x0000011c,0x0000011c,0x00000055,
0x00000055,0x00000055,0x0000011c,0x0000011c,
0x00000055,0x0000011c,0x0000011c,0x0000011c,
0x0000011c,0x0000011c,0x0000033a,0x0000011c,
0x0000011c,0x0000011c,0x0000011c,0x0000011c,
0x0000033b,0x0000011c,0x0000011c,0x00000055,
0x00000055,0x00000055,0x0000011c,0x0000011c,
0x00000055,0x0000011c,0x0000033a,0x0000011c,
0x0000011c,0x0000011c,0x0000011c,0x00000055,
0x0000011c,0x0000011c,0x0000033b,0x00000055,
0x00000055,0x0000011c,0x0000011c,0x00000055,
0x0000011c,0x0000011c,0x0000033a,0x00000055,
0x00000055,0x0000011c,0x00000055,0x00000055,
0x0000011c,0x0000011c,0x00000055,0x0000011c,
0x0000011c,0x00000055,0x0000011c,0x0000011c,
0x00000055,0x0000033b,0x0000033a,0x0000011c,
0x00000055,0x00000055,0x0000011c,0x00000055,
0x00000055,0x0000011c,0x00000055,0x00000055,
0x0000011c,0x0000011c,0x00000055,0x0000011c,
0x0000011c,0x0000033b,0x0000033a,0x00000055,
0x0000033b,0x0000011c,0x0000011c,0x0000011c,
0x00000055,0x00000055,0x00000055,0x0000011c,
0x0000011c,0x00000055,0x00000055,0x00000055,
0x0000011c,0x0000011c,0x0000033a,0x0000011c,
0x0000033b,0x00000055,0x00000055,0x0000011c,
0x0000011c,0x00000055,0x00000055,0x00000055,
0x0000011c,0x0000011c,0x0000011c,0x00000055,
0x00000055,0x0000011c,0x0000033a,0x00000055,
0x00000055,0x0000011c,0x00000055,0x00000055,
0x0000011c,0x0000011c,0x00000055,0x00000055,
0x0000011c,0x0000011c,0x00000055,0x0000011c,
0x0000011c,0x0000033b,0x0000033a,0x00000055,
0x00000055,0x0000011c,0x0000011c,0x0000011c,
0x00000055,0x00000055,0x0000011c,0x0000011c,
0x00000055,0x00000055,0x00000055,0x0000011c,
0x0000011c,0x0000033b,0x0000033a,0x00000055,
0x00000055,0x00000055,0x00000055,0x00000055,
0x00000055,0x0000011c,0x00000055,0x0000011c,
0x0000011c,0x0000011c,0x0000011c,0x0000011c,
0x0000011c,0x0000033b,0x0000033a,0x0000011c,
0x0000011c,0x00000055,0x00000055,0x0000011c,
0x0000011c,0x0000011c,0x00000055,0x00000055,
0x00000055,0x0000011c,0x0000011c,0x00000055,
0x00000055,0x0000033b,0x0000033a,0x0000011c,
0x0000011c,0x0000011c,0x00000055,0x00000055,
0x00000055,0x00000055,0x0000011c,0x0000011c,
0x00000055,0x00000055,0x0000011c,0x0000011c,
0x00000055,0x0000033b,0x0000033a,0x0000011c,
0x0000033b,0x00000055,0x0000011c,0x0000011c,
0x00000055,0x00000055,0x00000055,0x00000055,
0x00000055,0x00000055,0x0000011c,0x0000011c,
0x0000011c,0x0000011c,0x0000033a,0x0000011c,
0x0000033b,0x0000011c,0x0000011c,0x0000011c,
0x00000055,0x0000011c,0x00000055,0x00000055,
0x00000055,0x0000011c,0x00000055,0x00000055,
0x00000055,0x0000011c,0x0000033a,0x00000055,
0x0000011c,0x0000011c,0x0000011c,0x00000055,
0x0000011c,0x0000011c,0x0000011c,0x00000055,
0x00000055,0x00000055,0x0000011c,0x00000055,
0x00000055,0x0000033b,0x0004001c,0x0000036f,
0x00000015,0x0000003a,0x00040020,0x00000370,
0x00000007,0x0000036f,0x0004002b,0x00000015,
0x000003ca,0x00000015,0x0004002b,0x00000015,
0x000003cb,0x0000002b,0x0007002c,0x000001e1,
0x000003cc,0x0000004e,0x000003ca,0x000003cb,
0x00000158,0x00040020,0x000003ce,0x00000007,
0x000001e1,0x0004002b,0x00000015,0x000003d8,
0x00000009,0x0004002b,0x00000015,0x000003d9,
0x00000012,0x0004002b,0x00000015,0x000003da,
0x0000001b,0x0004002b,0x00000015,0x000003db,
0x00000025,0x0004002b,0x00000015,0x000003dc,
0x0000002e,0x0004002b,0x00000015,0x000003dd,
0x00000037,0x000b002c,0x0000002e,0x000003de,
0x0000004e,0x000003d8,0x000003d9,0x000003da,
0x000003db,0x000003dc,0x000003dd,0x00000158,
0x0004002b,0x00000015,0x000003e4,0x0000000d,
0x0004002b,0x00000015,0x000003e5,0x00000011,
0x0004002b,0x00000015,0x000003e6,0x0000001a,
0x0004002b,0x00000015,0x000003e7,0x0000001e,
0x0004002b,0x00000015,0x000003e8,0x00000022,
0x0004002b,0x00000015,0x000003e9,0x00000026,
0x0004002b,0x00000015,0x000003ea,0x0000002f,
0x0004002b,0x00000015,0x000003eb,0x00000033,
0x0004002b,0x00000015,0x000003ec,0x0000003c,
0x0013002c,0x0000036f,0x000003ed,0x0000004e,
0x000001be,0x000003d8,0x000003e4,0x000003e5,
0x000003ca,0x000003e6,0x000003e7,0x000003e8,
0x000003e9,0x000003cb,0x000003ea,0x000003eb,
0x000003dd,0x000003ec,0x00000158,0x0004002b,
0x00000006,0x000004f6,0x00000018,0x0004002b,
0x00000015,0x00000517,0x0000001f,0x0004002b,
0x00000015,0x00000544,0xffffffff,0x0004001c,
0x000005bf,0x00000015,0x0000012b,0x00040020,
0x000005c0,0x00000007,0x000005bf,0x0004002b,
0x00000015,0x000005d7,0x0000000b,0x0004002b,
0x00000006,0x000005d8,0x00000053,0x0004002b,
0x00000015,0x000005e8,0x00000019,0x0004002b,
0x00000015,0x000005f0,0x00000021,0x0004002b,
0x00000015,0x000005f8,0x00000029,0x0004002b,
0x00000015,0x00000600,0x00000031,0x0004002b,
0x00000015,0x00000608,0x00000039,0x0004002b,
0x00000006,0x0000067b,0x000000f3,0x0004001c,
0x0000067c,0x00000006,0x0000067b,0x0004002b,
0x00000006,0x0000067d,0x00000009,0x0004002b,
0x00000006,0x0000067e,0x0000000a,0x0004002b,
0x00000006,0x0000067f,0x00000011,0x0004002b,
0x00000006,0x00000680,0x00000012,0x0004002b,
0x00000006,0x00000681,0x00000014,0x0004002b,
0x00000006,0x00000682,0x00000015,0x0004002b,
0x00000006,0x00000683,0x00000016,0x0004002b,
0x00000006,0x00000684,0x00000019,0x0004002b,
0x00000006,0x00000685,0x0000001a,0x0004002b,
0x00000006,0x00000686,0x00000013,0x0004002b,
0x00000006,0x00000687,0x0000001b,0x0004002b,
0x00000006,0x00000688,0x0000000c,0x0004002b,
0x00000006,0x00000689,0x0000000d,0x0004002b,
0x00000006,0x0000068a,0x0000000e,0x0004002b,
0x00000006,0x0000068b,0x00000020,0x0004002b,
0x00000006,0x0000068c,0x00000022,0x0004002b,
0x00000006,0x0000068d,0x00000024,0x0004002b,
0x00000006,0x0000068e,0x00000025,0x0004002b,
0x00000006,0x0000068f,0x00000026,0x0004002b,
0x00000006,0x00000690,0x00000028,0x0004002b,
0x00000006,0x00000691,0x00000029,0x0004002b,
0x00000006,0x00000692,0x0000002a,0x0004002b,
0x00000006,0x00000693,0x00000030,0x0004002b,
0x00000006,0x00000694,0x00000031,0x0004002b,
0x00000006,0x00000695,0x00000032,0x0004002b,
0x00000006,0x00000696,0x00000034,0x0004002b,
0x00000006,0x00000697,0x00000035,0x0004002b,
0x00000006,0x00000698,0x00000036,0x0004002b,
0x00000006,0x00000699,0x00000038,0x0004002b,
0x00000006,0x0000069a,0x00000039,0x0004002b,
0x00000006,0x0000069b,0x0000003a,0x0004002b,
0x00000006,0x0000069c,0x00000023,0x0004002b,
0x00000006,0x0000069d,0x00000027,0x0004002b,
0x00000006,0x0000069e,0x0000002b,0x0004002b,
0x00000006,0x0000069f,0x00000033,0x0004002b,
0x00000006,0x000006a0,0x00000037,0x0004002b,
0x00000006,0x000006a1,0x0000003b,0x0004002b,
0x00000006,0x000006a2,0x0000002c,0x0004002b,
0x00000006,0x000006a3,0x0000002d,0x0004002b,
0x00000006,0x000006a4,0x0000002e,0x0004002b,
0x00000006,0x000006a5,0x00000040,0x0004002b,
0x00000006,0x000006a6,0x00000041,0x0004002b,
0x00000006,0x000006a7,0x00000042,0x0004002b,
0x00000006,0x000006a8,0x00000044,0x0004002b,
0x00000006,0x000006a9,0x00000045,0x0004002b,
0x00000006,0x000006aa,0x00000046,0x0004002b,
0x00000006,0x000006ab,0x00000048,0x0004002b,
0x00000006,0x000006ac,0x00000049,0x0004002b,
0x00000006,0x000006ad,0x0000004a,0x0004002b,
0x00000006,0x000006ae,0x00000050,0x0004002b,
0x00000006,0x000006af,0x00000051,0x0004002b,
0x00000006,0x000006b0,0x00000052,0x0004002b,
0x00000006,0x000006b1,0x00000054,0x0004002b,
0x00000006,0x000006b2,0x00000055,0x0004002b,
0x00000006,0x000006b3,0x00000056,0x0004002b,
0x00000006,0x000006b4,0x00000058,0x0004002b,
0x00000006,0x000006b5,0x00000059,0x0004002b,
0x00000006,0x000006b6,0x0000005a,0x0004002b,
0x00000006,0x000006b7,0x00000043,0x0004002b,
0x00000006,0x000006b8,0x00000047,0x0004002b,
0x00000006,0x000006b9,0x0000004b,0x0004002b,
0x00000006,0x000006ba,0x00000057,0x0004002b,
0x00000006,0x000006bb,0x0000005b,0x0004002b,
0x00000006,0x000006bc,0x0000004c,0x0004002b,
0x00000006,0x000006bd,0x0000004d,0x0004002b,
0x00000006,0x000006be,0x0000004e,0x0004002b,
0x00000006,0x000006bf,0x00000084,0x0004002b,
0x00000006,0x000006c0,0x00000085,0x0004002b,
0x00000006,0x000006c1,0x00000086,0x0004002b,
0x00000006,0x000006c2,0x00000088,0x0004002b,
0x00000006,0x000006c3,0x00000089,0x0004002b,
0x00000006,0x000006c4,0x0000008a,0x0004002b,
0x00000006,0x000006c5,0x00000090,0x0004002b,
0x00000006,0x000006c6,0x00000091,0x0004002b,
0x00000006,0x000006c7,0x00000092,0x0004002b,
0x00000006,0x000006c8,0x00000094,0x0004002b,
0x00000006,0x000006c9,0x00000095,0x0004002b,
0x00000006,0x000006ca,0x00000096,0x0004002b,
0x00000006,0x000006cb,0x00000098,0x0004002b,
0x00000006,0x000006cc,0x00000099,0x0004002b,
0x00000006,0x000006cd,0x0000009a,0x0004002b,
0x00000006,0x000006ce,0x00000083,0x0004002b,
0x00000006,0x000006cf,0x00000087,0x0004002b,
0x00000006,0x000006d0,0x0000008b,0x0004002b,
0x00000006,0x000006d1,0x00000093,0x0004002b,
0x00000006,0x000006d2,0x00000097,0x0004002b,
0x00000006,0x000006d3,0x0000009b,0x0004002b,
0x00000006,0x000006d4,0x0000008c,0x0004002b,
0x00000006,0x000006d5,0x0000008d,0x0004002b,
0x00000006,0x000006d6,0x0000008e,0x0004002b,
0x00000006,0x000006d7,0x000000a0,0x0004002b,
0x00000006,0x000006d8,0x000000a1,0x0004002b,
0x00000006,0x000006d9,0x000000a2,0x0004002b,
0x00000006,0x000006da,0x000000a4,0x0004002b,
0x00000006,0x000006db,0x000000a5,0x0004002b,
0x00000006,0x000006dc,0x000000a6,0x0004002b,
0x00000006,0x000006dd,0x000000a8,0x0004002b,
0x00000006,0x000006de,0x000000a9,0x0004002b,
0x00000006,0x000006df,0x000000aa,0x0004002b,
0x00000006,0x000006e0,0x000000b0,0x0004002b,
0x00000006,0x000006e1,0x000000b1,0x0004002b,
0x00000006,0x000006e2,0x000000b2,0x0004002b,
0x00000006,0x000006e3,0x000000b4,0x0004002b,
0x00000006,0x000006e4,0x000000b5,0x0004002b,
0x00000006,0x000006e5,0x000000b6,0x0004002b,
0x00000006,0x000006e6,0x000000b8,0x0004002b,
0x00000006,0x000006e7,0x000000b9,0x0004002b,
0x00000006,0x000006e8,0x000000ba,0x0004002b,
0x00000006,0x000006e9,0x000000a3,0x0004002b,
0x00000006,0x000006ea,0x000000a7,0x0004002b,
0x00000006,0x000006eb,0x000000ab,0x0004002b,
0x00000006,0x000006ec,0x000000b3,0x0004002b,
0x00000006,0x000006ed,0x000000b7,0x0004002b,
0x00000006,0x000006ee,0x000000bb,0x0004002b,
0x00000006,0x000006ef,0x000000ac,0x0004002b,
0x00000006,0x000006f0,0x000000ad,0x0004002b,
0x00000006,0x000006f1,0x000000ae,0x0004002b,
0x00000006,0x000006f2,0x000000c0,0x0004002b,
0x00000006,0x000006f3,0x000000c1,0x0004002b,
0x00000006,0x000006f4,0x000000c2,0x0004002b,
0x00000006,0x000006f5,0x000000c4,0x0004002b,
0x00000006,0x000006f6,0x000000c5,0x0004002b,
0x00000006,0x000006f7,0x000000c6,0x0004002b,
0x00000006,0x000006f8,0x000000c8,0x0004002b,
0x00000006,0x000006f9,0x000000c9,0x0004002b,
0x00000006,0x000006fa,0x000000ca,0x0004002b,
0x00000006,0x000006fb,0x000000d0,0x0004002b,
0x00000006,0x000006fc,0x000000d1,0x0004002b,
0x00000006,0x000006fd,0x000000d2,0x0004002b,
0x00000006,0x000006fe,0x000000d4,0x0004002b,
0x00000006,0x000006ff,0x000000d5,0x0004002b,
0x00000006,0x00000700,0x000000d6,0x0004002b,
0x00000006,0x00000701,0x000000d8,0x0004002b,
0x00000006,0x00000702,0x000000d9,0x0004002b,
0x00000006,0x00000703,0x000000da,0x0004002b,
0x00000006,0x00000704,0x000000c3,0x0004002b,
0x00000006,0x00000705,0x000000c7,0x0004002b,
0x00000006,0x00000706,0x000000cb,0x0004002b,
0x00000006,0x00000707,0x000000d3,0x0004002b,
0x00000006,0x00000708,0x000000d7,0x0004002b,
0x00000006,0x00000709,0x000000db,0x0004002b,
0x00000006,0x0000070a,0x000000cc,0x0004002b,
0x00000006,0x0000070b,0x000000cd,0x0004002b,
0x00000006,0x0000070c,0x000000ce,0x0004002b,
0x00000006,0x0000070d,0x00000060,0x0004002b,
0x00000006,0x0000070e,0x00000061,0x0004002b,
0x00000006,0x0000070f,0x00000062,0x0004002b,
0x00000006,0x00000710,0x00000064,0x0004002b,
0x00000006,0x00000711,0x00000065,0x0004002b,
0x00000006,0x00000712,0x00000066,0x0004002b,
0x00000006,0x00000713,0x00000068,0x0004002b,
0x00000006,0x00000714,0x00000069,0x0004002b,
0x00000006,0x00000715,0x0000006a,0x0004002b,
0x00000006,0x00000716,0x00000070,0x0004002b,
0x00000006,0x00000717,0x00000071,0x0004002b,
0x00000006,0x00000718,0x00000072,0x0004002b,
0x00000006,0x00000719,0x00000074,0x0004002b,
0x00000006,0x0000071a,0x00000075,0x0004002b,
0x00000006,0x0000071b,0x00000076,0x0004002b,
0x00000006,0x0000071c,0x00000078,0x0004002b,
0x00000006,0x0000071d,0x00000079,0x0004002b,
0x00000006,0x0000071e,0x0000007a,0x0004002b,
0x00000006,0x0000071f,0x00000063,0x0004002b,
0x00000006,0x00000720,0x00000067,0x0004002b,
0x00000006,0x00000721,0x0000006b,0x0004002b,
0x00000006,0x00000722,0x00000073,0x0004002b,
0x00000006,0x00000723,0x00000077,0x0004002b,
0x00000006,0x00000724,0x0000007b,0x0004002b,
0x00000006,0x00000725,0x0000006c,0x0004002b,
0x00000006,0x00000726,0x0000006d,0x0004002b,
0x00000006,0x00000727,0x0000006e,0x0004002b,
0x00000006,0x00000728,0x000000e0,0x0004002b,
0x00000006,0x00000729,0x000000e1,0x0004002b,
0x00000006,0x0000072a,0x000000e2,0x0004002b,
0x00000006,0x0000072b,0x000000e4,0x0004002b,
0x00000006,0x0000072c,0x000000e5,0x0004002b,
0x00000006,0x0000072d,0x000000e6,0x0004002b,
0x00000006,0x0000072e,0x000000e8,0x0004002b,
0x00000006,0x0000072f,0x000000e9,0x0004002b,
0x00000006,0x00000730,0x000000ea,0x0004002b,
0x00000006,0x00000731,0x000000f0,0x0004002b,
0x00000006,0x00000732,0x000000f1,0x0004002b,
0x00000006,0x00000733,0x000000f2,0x0004002b,
0x00000006,0x00000734,0x000000f4,0x0004002b,
0x00000006,0x00000735,0x000000f5,0x0004002b,
0x00000006,0x00000736,0x000000f6,0x0004002b,
0x00000006,0x00000737,0x000000f8,0x0004002b,
0x00000006,0x00000738,0x000000f9,0x0004002b,
0x00000006,0x00000739,0x000000fa,0x0004002b,
0x00000006,0x0000073a,0x000000e3,0x0004002b,
0x00000006,0x0000073b,0x000000e7,0x0004002b,
0x00000006,0x0000073c,0x000000eb,0x0004002b,
0x00000006,0x0000073d,0x000000f7,0x0004002b,
0x00000006,0x0000073e,0x000000fb,0x0004002b,
0x00000006,0x0000073f,0x000000ec,0x0004002b,
0x00000006,0x00000740,0x000000ed,0x0004002b,
0x00000006,0x00000741,0x000000ee,0x0004002b,
0x00000006,0x00000742,0x0000001c,0x0004002b,
0x00000006,0x00000743,0x0000001d,0x0004002b,
0x00000006,0x00000744,0x0000001e,0x0004002b,
0x00000006,0x00000745,0x0000003c,0x0004002b,
0x00000006,0x00000746,0x0000003e,0x0004002b,
0x00000006,0x00000747,0x0000005c,0x0004002b,
0x00000006,0x00000748,0x0000005d,0x0004002b,
0x00000006,0x00000749,0x0000005e,0x0004002b,
0x00000006,0x0000074a,0x0000009c,0x0004002b,
0x00000006,0x0000074b,0x0000009d,0x0004002b,
0x00000006,0x0000074c,0x0000009e,0x0004002b,
0x00000006,0x0000074d,0x000000bc,0x0004002b,
0x00000006,0x0000074e,0x000000bd,0x0004002b,
0x00000006,0x0000074f,0x000000be,0x0004002b,
0x00000006,0x00000750,0x000000dc,0x0004002b,
0x00000006,0x00000751,0x000000dd,0x0004002b,
0x00000006,0x00000752,0x000000de,0x0004002b,
0x00000006,0x00000753,0x0000005f,0x0004002b,
0x00000006,0x00000754,0x0000009f,0x0004002b,
0x00000006,0x00000755,0x000000bf,0x0004002b,
0x00000006,0x00000756,0x000000df,0x0004002b,
0x00000006,0x00000757,0x0000007c,0x0004002b,
0x00000006,0x00000758,0x0000007e,0x00f6002c,
0x0000067c,0x00000759,0x0000011c,0x00000055,
0x000000b8,0x0000008e,0x00000068,0x00000080,
0x0000002d,0x0000067d,0x0000067e,0x0000003a,
0x0000067f,0x00000680,0x00000681,0x00000682,
0x00000683,0x000004f6,0x00000684,0x00000685,
0x0000012b,0x000000c1,0x00000062,0x00000686,
0x0000007e,0x00000687,0x00000688,0x00000689,
0x0000068a,0x0000068b,0x00000086,0x0000068c,
0x0000068d,0x0000068e,0x0000068f,0x00000690,
0x00000691,0x00000692,0x00000693,0x00000694,
0x00000695,0x00000696,0x00000697,0x00000698,
0x00000699,0x0000069a,0x0000069b,0x0000069c,
0x0000069d,0x0000069e,0x0000069f,0x000006a0,
0x000006a1,0x000006a2,0x000006a3,0x000006a4,
0x000006a5,0x000006a6,0x000006a7,0x000006a8,
0x000006a9,0x000006aa,0x000006ab,0x000006ac,
0x000006ad,0x000006ae,0x000006af,0x000006b0,
0x000006b1,0x000006b2,0x000006b3,0x000006b4,
0x000006b5,0x000006b6,0x000006b7,0x000006b8,
0x000006b9,0x000005d8,0x000006ba,0x000006bb,
0x000006bc,0x000006bd,0x000006be,0x0000033a,
0x0000033b,0x0000033c,0x000006bf,0x000006c0,
0x000006c1,0x000006c2,0x000006c3,0x000006c4,
0x000006c5,0x000006c6,0x000006c7,0x000006c8,
0x000006c9,0x000006ca,0x000006cb,0x000006cc,
0x000006cd,0x000006ce,0x000006cf,0x000006d0,
0x000006d1,0x000006d2,0x000006d3,0x000006d4,
0x000006d5,0x000006d6,0x000006d7,0x000006d8,
0x000006d9,0x000006da,0x000006db,0x000006dc,
0x000006dd,0x000006de,0x000006df,0x000006e0,
0x000006e1,0x000006e2,0x000006e3,0x000006e4,
0x000006e5,0x000006e6,0x000006e7,0x000006e8,
0x000006e9,0x000006ea,0x000006eb,0x000006ec,
0x000006ed,0x000006ee,0x000006ef,0x000006f0,
0x000006f1,0x000006f2,0x000006f3,0x000006f4,
0x000006f5,0x000006f6,0x000006f7,0x000006f8,
0x000006f9,0x000006fa,0x000006fb,0x000006fc,
0x000006fd,0x000006fe,0x000006ff,0x00000700,
0x00000701,0x00000702,0x00000703,0x00000704,
0x00000705,0x00000706,0x00000707,0x00000708,
0x00000709,0x0000070a,0x0000070b,0x0000070c,
0x0000070d,0x0000070e,0x0000070f,0x00000710,
0x00000711,0x00000712,0x00000713,0x00000714,
0x00000715,0x00000716,0x00000717,0x00000718,
0x00000719,0x0000071a,0x0000071b,0x0000071c,
0x0000071d,0x0000071e,0x0000071f,0x00000720,
0x00000721,0x00000722,0x00000723,0x00000724,
0x00000725,0x00000726,0x00000727,0x00000728,
0x00000729,0x0000072a,0x0000072b,0x0000072c,
0x0000072d,0x0000072e,0x0000072f,0x00000730,
0x00000731,0x00000732,0x00000733,0x00000734,
0x00000735,0x00000736,0x00000737,0x00000738,
0x00000739,0x0000073a,0x0000073b,0x0000073c,
0x0000067b,0x0000073d,0x0000073e,0x0000073f,
0x00000740,0x00000741,0x00000742,0x00000743,
0x00000744,0x00000745,0x000000bf,0x00000746,
0x00000747,0x00000748,0x00000749,0x0000074a,
0x0000074b,0x0000074c,0x0000074d,0x0000074e,
0x0000074f,0x00000750,0x00000751,0x00000752,
0x00000064,0x0000006a,0x00000753,0x00000754,
0x00000755,0x00000756,0x00000757,0x00000102,
0x00000758,0x0004002b,0x00000015,0x0000076c,
0x00000051,0x00040020,0x00000772,0x00000007,
0x0000067c,0x0004001c,0x00000780,0x00000015,
0x00000068,0x0004002b,0x00000015,0x00000781,
0x0000000c,0x0004002b,0x00000015,0x00000782,
0x00000017,0x0008002c,0x00000780,0x00000783,
0x0000004e,0x00000162,0x00000781,0x000003e5,
0x00000782,0x00040020,0x00000785,0x00000007,
0x00000780,0x0004002b,0x00000015,0x0000078d,
0x0000000f,0x0004002b,0x00000015,0x000007a6,
0x0000000a,0x0004002b,0x00000015,0x000007a7,
0x00000016,0x000b002c,0x0000002e,0x000007a8,
0x000001be,0x000001c1,0x000007a6,0x000005d7,
0x0000033f,0x000003ca,0x000007a7,0x000003da,
0x0004002b,0x00000015,0x000007b4,0x0000002d,
0x0004001c,0x000007b6,0x00000006,0x00000687,
0x001e002c,0x000007b6,0x000007b7,0x0000011c,
0x00000055,0x000000b8,0x0000008e,0x00000068,
0x00000080,0x0000002d,0x0000067d,0x0000067e,
0x0000003a,0x0000067f,0x00000680,0x00000681,
0x00000682,0x00000683,0x000004f6,0x00000684,
0x00000685,0x0000012b,0x000000c1,0x00000062,
0x00000686,0x0000007e,0x00000687,0x00000688,
0x00000689,0x0000068a,0x00040020,0x000007c5,
0x00000007,0x000007b6,0x0004002b,0x00000006,
0x00000807,0x00000100,0x0004001c,0x00000808,
0x00000006,0x00000807,0x0004002b,0x00000006,
0x00000809,0x0000002f,0x0004002b,0x00000006,
0x0000080a,0x0000000f,0x0103002c,0x00000808,
0x0000080b,0x0000011c,0x0000011c,0x0000011c,
0x0000003a,0x0000003a,0x0000003a,0x0000003a,
0x0000003a,0x0000003a,0x0000068b,0x0000068b,
0x0000068b,0x0000068b,0x0000068b,0x000000b8,
0x000000b8,0x000000b8,0x000000b8,0x000000b8,
0x00000680,0x00000680,0x00000680,0x00000680,
0x00000680,0x00000680,0x0000068c,0x0000068c,
0x0000068c,0x0000068c,0x0000068c,0x0000008e,
0x0000008e,0x0000008e,0x0000008e,0x0000008e,
0x0000008e,0x00000681,0x00000681,0x00000681,
0x00000681,0x00000681,0x0000068d,0x0000068d,
0x0000068d,0x0000068d,0x0000068d,0x00000080,
0x00000080,0x00000080,0x00000080,0x00000080,
0x00000080,0x00000683,0x00000683,0x00000683,
0x00000683,0x00000683,0x0000068f,0x0000068f,
0x0000068f,0x0000068f,0x0000068f,0x0000002d,
0x0000002d,0x0000002d,0x0000002d,0x0000002d,
0x0000002d,0x000004f6,0x000004f6,0x000004f6,
0x000004f6,0x000004f6,0x000004f6,0x00000690,
0x00000690,0x00000690,0x00000690,0x00000690,
0x0000067e,0x0000067e,0x0000067e,0x0000067e,
0x0000067e,0x00000685,0x00000685,0x00000685,
0x00000685,0x00000685,0x00000685,0x00000692,
0x00000692,0x00000692,0x00000692,0x00000692,
0x00000688,0x00000688,0x00000688,0x00000688,
0x00000688,0x00000688,0x00000742,0x00000742,
0x00000742,0x00000742,0x00000742,0x000006a2,
0x000006a2,0x000006a2,0x000006a2,0x000006a2,
0x0000068a,0x0000068a,0x0000068a,0x0000068a,
0x0000068a,0x0000068a,0x00000744,0x00000744,
0x00000744,0x00000744,0x00000744,0x000006a4,
0x000006a4,0x000006a4,0x000006a4,0x000006a4,
0x000006a4,0x00000809,0x00000809,0x00000809,
0x00000809,0x00000809,0x00000809,0x00000064,
0x00000064,0x00000064,0x00000064,0x00000064,
0x0000080a,0x0000080a,0x0000080a,0x0000080a,
0x0000080a,0x0000080a,0x000006a3,0x000006a3,
0x000006a3,0x000006a3,0x000006a3,0x00000743,
0x00000743,0x00000743,0x00000743,0x00000743,
0x00000689,0x00000689,0x00000689,0x00000689,
0x00000689,0x00000689,0x0000069e,0x0000069e,
0x0000069e,0x0000069e,0x0000069e,0x00000687,
0x00000687,0x00000687,0x00000687,0x00000687,
0x00000687,0x00000062,0x00000062,0x00000062,
0x00000062,0x00000062,0x00000691,0x00000691,
0x00000691,0x00000691,0x00000691,0x00000684,
0x00000684,0x00000684,0x00000684,0x00000684,
0x00000684,0x0000067d,0x0000067d,0x0000067d,
0x0000067d,0x0000067d,0x0000067d,0x0000069d,
0x0000069d,0x0000069d,0x0000069d,0x0000069d,
0x0000007e,0x0000007e,0x0000007e,0x0000007e,
0x0000007e,0x000000c1,0x000000c1,0x000000c1,
0x000000c1,0x000000c1,0x000000c1,0x0000068e,
0x0000068e,0x0000068e,0x0000068e,0x0000068e,
0x00000682,0x00000682,0x00000682,0x00000682,
0x00000682,0x00000068,0x00000068,0x00000068,
0x00000068,0x00000068,0x00000068,0x0000069c,
0x0000069c,0x0000069c,0x0000069c,0x0000069c,
0x00000686,0x00000686,0x00000686,0x00000686,
0x00000686,0x00000686,0x0000012b,0x0000012b,
0x0000012b,0x0000012b,0x0000012b,0x00000086,
0x00000086,0x00000086,0x00000086,0x00000086,
0x0000067f,0x0000067f,0x0000067f,0x0000067f,
0x0000067f,0x0000067f,0x00000055,0x00000055,
0x00000055,0x00040020,0x0000080d,0x00000007,
0x00000808,0x0004002b,0x00000006,0x00000818,
0x00000442,0x0004001c,0x00000902,0x00000006,
0x00000693,0x0004002b,0x00000006,0x00000903,
0x000000ef,0x0004002b,0x00000006,0x00000904,
0x000000cf,0x0033002c,0x00000902,0x00000905,
0x0000011c,0x00000045,0x0000003a,0x00000903,
0x0000068b,0x00000756,0x00000693,0x00000904,
0x000006a6,0x0000074f,0x000006af,0x000006f1,
0x0000070e,0x0000074c,0x00000717,0x000006d6,
0x00000068,0x00000739,0x00000682,0x00000730,
0x0000068f,0x00000702,0x00000698,0x000006f9,
0x000006aa,0x000006e7,0x000006b3,0x000006de,
0x00000720,0x000006cb,0x00000723,0x000006c2,
0x00000062,0x00000734,0x00000687,0x0000072b,
0x0000069e,0x000006fe,0x000006a1,0x000006f5,
0x000006bc,0x000006ec,0x00000747,0x000006e9,
0x00000725,0x000006d1,0x00000757,0x000006ce,
0x00040020,0x00000908,0x00000007,0x00000902,
0x0004002b,0x00000015,0x00000954,0x0000003e,
0x00040017,0x000009fe,0x00000006,0x00000003,
0x00040020,0x000009ff,0x00000001,0x000009fe,
0x0004003b,0x000009ff,0x00000a00,0x00000001,
0x00040020,0x00000a01,0x00000001,0x00000006,
0x0008001e,0x00000a08,0x00000006,0x00000006,
0x00000006,0x00000006,0x00000006,0x00000006,
0x00040020,0x00000a09,0x00000009,0x00000a08,
0x0004003b,0x00000a09,0x00000a0a,0x00000009,
0x00040020,0x00000a0b,0x00000009,0x00000006,
0x0003001d,0x00000a47,0x00000006,0x0003001e,
0x00000a48,0x00000a47,0x00040020,0x00000a49,
0x00000002,0x00000a48,0x0004003b,0x00000a49,
0x00000a4a,0x00000002,0x0006002c,0x000009fe,
0x00000a5f,0x0000002d,0x0000002d,0x00000055,
0x00040020,0x0000187d,0x00000007,0x0000003b,
0x00050036,0x00000002,0x00000004,0x00000000,
0x00000003,0x000200f8,0x00000005,0x0004003b,
0x00000090,0x00000513,0x00000007,0x0004003b,
0x00000090,0x00000142,0x00000007,0x0004003b,
0x0000187d,0x0000003d,0x00000007,0x0004003b,
0x000005c0,0x000015b6,0x00000007,0x0004003b,
0x000005c0,0x000015b9,0x00000007,0x0004003b,
0x000005c0,0x000015d6,0x00000007,0x0004003b,
0x00000772,0x000013ca,0x00000007,0x0004003b,
0x00000785,0x000013cc,0x00000007,0x0004003b,
0x0000002f,0x000013d1,0x00000007,0x0004003b,
0x000007c5,0x000013d6,0x00000007,0x0004003b,
0x00000785,0x000013d8,0x00000007,0x0004003b,
0x0000002f,0x000013dd,0x00000007,0x0004003b,
0x0000080d,0x000013b9,0x00000007,0x0004003b,
0x0000080d,0x000013aa,0x00000007,0x0004003b,
0x0000080d,0x0000139b,0x00000007,0x0004003b,
0x0000080d,0x0000138c,0x00000007,0x0004003b,
0x0000080d,0x0000137d,0x00000007,0x0004003b,
0x0000080d,0x0000136e,0x00000007,0x0004003b,
0x0000080d,0x0000135f,0x00000007,0x0004003b,
0x0000080d,0x00001350,0x00000007,0x0004003b,
0x000003ce,0x000010ca,0x00000007,0x0004003b,
0x000003ce,0x000010d1,0x00000007,0x0004003b,
0x0000002f,0x000010d8,0x00000007,0x0004003b,
0x00000908,0x000010e2,0x00000007,0x0004003b,
0x00000908,0x000010e3,0x00000007,0x0004003b,
0x00000908,0x000010e4,0x00000007,0x0004003b,
0x00000908,0x000010e6,0x00000007,0x0004003b,
0x00000908,0x000010e7,0x00000007,0x0004003b,
0x00000908,0x000010e8,0x00000007,0x0004003b,
0x0000002f,0x000010ec,0x00000007,0x0004003b,
0x000005c0,0x000010f2,0x00000007,0x0004003b,
0x000001e3,0x00000b3d,0x00000007,0x0004003b,
0x0000002f,0x00000b3e,0x00000007,0x0004003b,
0x0000002f,0x00000b40,0x00000007,0x0004003b,
0x0000002f,0x00000b42,0x00000007,0x0004003b,
0x0000002f,0x00000b52,0x00000007,0x0004003b,
0x0000002f,0x00000b54,0x00000007,0x0004003b,
0x0000002f,0x00000b55,0x00000007,0x0004003b,
0x00000346,0x00000b60,0x00000007,0x0004003b,
0x00000346,0x00000b61,0x00000007,0x0004003b,
0x00000370,0x00000b64,0x00000007,0x0004003b,
0x00000346,0x00000b6b,0x00000007,0x0004003b,
0x00000346,0x00000b6c,0x00000007,0x0004003b,
0x000003ce,0x00000b71,0x00000007,0x0004003b,
0x0000002f,0x00000b73,0x00000007,0x0004003b,
0x00000370,0x00000b74,0x00000007,0x0004003b,
0x000003ce,0x00000b8a,0x00000007,0x0004003b,
0x0000002f,0x00000b8b,0x00000007,0x0004003b,
0x00000090,0x00000a76,0x00000007,0x000300f7,
0x00000a60,0x00000000,0x000300fb,0x0000011c,
0x00000a61,0x000200f8,0x00000a61,0x00050041,
0x00000a01,0x00000a02,0x00000a00,0x0000011c,
0x0004003d,0x00000006,0x00000a03,0x00000a02,
0x00050041,0x00000a01,0x00000a05,0x00000a00,
0x00000055,0x0004003d,0x00000006,0x00000a06,
0x00000a05,0x00050041,0x00000a0b,0x00000a0c,
0x00000a0a,0x0000004e,0x0004003d,0x00000006,
0x00000a0d,0x00000a0c,0x000500ae,0x000000b4,
0x00000a0e,0x00000a03,0x00000a0d,0x000400a8,
0x000000b4,0x00000a0f,0x00000a0e,0x000300f7,
0x00000a11,0x00000000,0x000400fa,0x00000a0f,
0x00000a10,0x00000a11,0x000200f8,0x00000a10,
0x00050041,0x00000a0b,0x00000a13,0x00000a0a,
0x000000d3,0x0004003d,0x00000006,0x00000a14,
0x00000a13,0x000500ae,0x000000b4,0x00000a15,
0x00000a06,0x00000a14,0x000200f9,0x00000a11,
0x000200f8,0x00000a11,0x000700f5,0x000000b4,
0x00000a16,0x00000a0e,0x00000a61,0x00000a15,
0x00000a10,0x000300f7,0x00000a18,0x00000000,
0x000400fa,0x00000a16,0x00000a17,0x00000a18,
0x000200f8,0x00000a17,0x000200f9,0x00000a60,
0x000200f8,0x00000a18,0x00050041,0x00000a0b,
0x00000a1b,0x00000a0a,0x000001be,0x0004003d,
0x00000006,0x00000a1c,0x00000a1b,0x000500aa,
0x000000b4,0x00000a1d,0x00000a1c,0x0000011c,
0x000600a9,0x00000006,0x00000a1e,0x00000a1d,
0x000000b8,0x0000008e,0x00050041,0x00000a0b,
0x00000a20,0x00000a0a,0x000000f2,0x0004003d,
0x00000006,0x00000a21,0x00000a20,0x00050041,
0x00000a0b,0x00000a23,0x00000a0a,0x000000a8,
0x0004003d,0x00000006,0x00000a24,0x00000a23,
0x00050084,0x00000006,0x00000a25,0x00000a06,
0x00000a24,0x00050080,0x00000006,0x00000a27,
0x00000a25,0x00000a03,0x00050084,0x00000006,
0x00000a29,0x00000a27,0x00000a1e,0x00050080,
0x00000006,0x00000a2a,0x00000a21,0x00000a29,
0x000300f7,0x00000a2f,0x00000000,0x000400fa,
0x00000a1d,0x00000a2e,0x00000a33,0x000200f8,
0x00000a2e,0x00060041,0x00000050,0x00000a7a,
0x0000004d,0x0000004e,0x00000a2a,0x0004003d,
0x00000006,0x00000a7b,0x00000a7a,0x00050080,
0x00000006,0x00000a7d,0x00000a2a,0x00000055,
0x00060041,0x00000050,0x00000a7e,0x0000004d,
0x0000004e,0x00000a7d,0x0004003d,0x00000006,
0x00000a7f,0x00000a7e,0x000500c7,0x00000006,
0x00000a81,0x00000a7b,0x0000005b,0x000500c2,
0x00000006,0x00000a83,0x00000a7b,0x0000003a,
0x000500c2,0x00000006,0x00000a85,0x00000a81,
0x00000062,0x000500c7,0x00000006,0x00000a86,
0x00000a85,0x00000064,0x000500c2,0x00000006,
0x00000a88,0x00000a81,0x00000068,0x000500c7,
0x00000006,0x00000a89,0x00000a88,0x0000006a,
0x000500c7,0x00000006,0x00000a8b,0x00000a81,
0x00000064,0x000500c2,0x00000006,0x00000a8d,
0x00000a83,0x00000062,0x000500c7,0x00000006,
0x00000a8e,0x00000a8d,0x00000064,0x000500c2,
0x00000006,0x00000a90,0x00000a83,0x00000068,
0x000500c7,0x00000006,0x00000a91,0x00000a90,
0x0000006a,0x000500c7,0x00000006,0x00000a93,
0x00000a83,0x00000064,0x00050084,0x00000006,
0x00000a95,0x00000a86,0x0000007c,0x00050080,
0x00000006,0x00000a96,0x00000a95,0x0000007e,
0x000500c2,0x00000006,0x00000a97,0x00000a96,
0x00000080,0x00050084,0x00000006,0x00000a99,
0x00000a89,0x00000084,0x00050080,0x00000006,
0x00000a9a,0x00000a99,0x00000086,0x000500c2,
0x00000006,0x00000a9b,0x00000a9a,0x00000080,
0x00050084,0x00000006,0x00000a9d,0x00000a8b,
0x0000007c,0x00050080,0x00000006,0x00000a9e,
0x00000a9d,0x0000007e,0x000500c2,0x00000006,
0x00000a9f,0x00000a9e,0x00000080,0x000500c4,
0x00000006,0x00000aa1,0x00000a9f,0x0000003a,
0x000500c5,0x00000006,0x00000aa2,0x00000092,
0x00000aa1,0x000500c4,0x00000006,0x00000aa4,
0x00000a9b,0x0000002d,0x000500c5,0x00000006,
0x00000aa5,0x00000aa2,0x00000aa4,0x000500c5,
0x00000006,0x00000aa7,0x00000aa5,0x00000a97,
0x00050041,0x00000007,0x00000aa8,0x00000a76,
0x0000004e,0x0003003e,0x00000aa8,0x00000aa7,
0x00050084,0x00000006,0x00000aaa,0x00000a8e,
0x0000007c,0x00050080,0x00000006,0x00000aab,
0x00000aaa,0x0000007e,0x000500c2,0x00000006,
0x00000aac,0x00000aab,0x00000080,0x00050084,
0x00000006,0x00000aae,0x00000a91,0x00000084,
0x00050080,0x00000006,0x00000aaf,0x00000aae,
0x00000086,0x000500c2,0x00000006,0x00000ab0,
0x00000aaf,0x00000080,0x00050084,0x00000006,
0x00000ab2,0x00000a93,0x0000007c,0x00050080,
0x00000006,0x00000ab3,0x00000ab2,0x0000007e,
0x000500c2,0x00000006,0x00000ab4,0x00000ab3,
0x00000080,0x000500c4,0x00000006,0x00000ab6,
0x00000ab4,0x0000003a,0x000500c5,0x00000006,
0x00000ab7,0x00000092,0x00000ab6,0x000500c4,
0x00000006,0x00000ab9,0x00000ab0,0x0000002d,
0x000500c5,0x00000006,0x00000aba,0x00000ab7,
0x00000ab9,0x000500c5,0x00000006,0x00000abc,
0x00000aba,0x00000aac,0x00050041,0x00000007,
0x00000abd,0x00000a76,0x000000a8,0x0003003e,
0x00000abd,0x00000abc,0x000500ac,0x000000b4,
0x00000ac0,0x00000a81,0x00000a83,0x000300f7,
0x00000b1b,0x00000000,0x000400fa,0x00000ac0,
0x00000ac1,0x00000afe,0x000200f8,0x00000ac1,
0x00050084,0x00000006,0x00000ac3,0x000000b8,
0x00000a86,0x00050080,0x00000006,0x00000ac5,
0x00000ac3,0x00000a8e,0x00050084,0x00000006,
0x00000ac6,0x00000ac5,0x000000bd,0x00050080,
0x00000006,0x00000ac7,0x00000ac6,0x000000bf,
0x000500c2,0x00000006,0x00000ac8,0x00000ac7,
0x000000c1,0x00050084,0x00000006,0x00000aca,
0x000000b8,0x00000a89,0x00050080,0x00000006,
0x00000acc,0x00000aca,0x00000a91,0x00050084,
0x00000006,0x00000acd,0x00000acc,0x000000c7,
0x00050080,0x00000006,0x00000ace,0x00000acd,
0x000000c9,0x000500c2,0x00000006,0x00000acf,
0x00000ace,0x00000062,0x00050084,0x00000006,
0x00000ad1,0x000000b8,0x00000a8b,0x00050080,
0x00000006,0x00000ad3,0x00000ad1,0x00000a93,
0x00050084,0x00000006,0x00000ad4,0x00000ad3,
0x000000bd,0x00050080,0x00000006,0x00000ad5,
0x00000ad4,0x000000bf,0x000500c2,0x00000006,
0x00000ad6,0x00000ad5,0x000000c1,0x000500c4,
0x00000006,0x00000ad8,0x00000ad6,0x0000003a,
0x000500c5,0x00000006,0x00000ad9,0x00000092,
0x00000ad8,0x000500c4,0x00000006,0x00000adb,
0x00000acf,0x0000002d,0x000500c5,0x00000006,
0x00000adc,0x00000ad9,0x00000adb,0x000500c5,
0x00000006,0x00000ade,0x00000adc,0x00000ac8,
0x00050041,0x00000007,0x00000adf,0x00000a76,
0x000000d3,0x0003003e,0x00000adf,0x00000ade,
0x00050084,0x00000006,0x00000ae2,0x000000b8,
0x00000a8e,0x00050080,0x00000006,0x00000ae3,
0x00000a86,0x00000ae2,0x00050084,0x00000006,
0x00000ae4,0x00000ae3,0x000000bd,0x00050080,
0x00000006,0x00000ae5,0x00000ae4,0x000000bf,
0x000500c2,0x00000006,0x00000ae6,0x00000ae5,
0x000000c1,0x00050084,0x00000006,0x00000ae9,
0x000000b8,0x00000a91,0x00050080,0x00000006,
0x00000aea,0x00000a89,0x00000ae9,0x00050084,
0x00000006,0x00000aeb,0x00000aea,0x000000c7,
0x00050080,0x00000006,0x00000aec,0x00000aeb,
0x000000c9,0x000500c2,0x00000006,0x00000aed,
0x00000aec,0x00000062,0x00050084,0x00000006,
0x00000af0,0x000000b8,0x00000a93,0x00050080,
0x00000006,0x00000af1,0x00000a8b,0x00000af0,
0x00050084,0x00000006,0x00000af2,0x00000af1,
0x000000bd,0x00050080,0x00000006,0x00000af3,
0x00000af2,0x000000bf,0x000500c2,0x00000006,
0x00000af4,0x00000af3,0x000000c1,0x000500c4,
0x00000006,0x00000af6,0x00000af4,0x0000003a,
0x000500c5,0x00000006,0x00000af7,0x00000092,
0x00000af6,0x000500c4,0x00000006,0x00000af9,
0x00000aed,0x0000002d,0x000500c5,0x00000006,
0x00000afa,0x00000af7,0x00000af9,0x000500c5,
0x00000006,0x00000afc,0x00000afa,0x00000ae6,
0x00050041,0x00000007,0x00000afd,0x00000a76,
0x000000f2,0x0003003e,0x00000afd,0x00000afc,
0x000200f9,0x00000b1b,0x000200f8,0x00000afe,
0x00050080,0x00000006,0x00000b01,0x00000a86,
0x00000a8e,0x00050084,0x00000006,0x00000b02,
0x00000b01,0x00000100,0x00050080,0x00000006,
0x00000b03,0x00000b02,0x00000102,0x000500c2,
0x00000006,0x00000b04,0x00000b03,0x0000002d,
0x00050080,0x00000006,0x00000b07,0x00000a89,
0x00000a91,0x00050084,0x00000006,0x00000b08,
0x00000b07,0x00000108,0x00050080,0x00000006,
0x00000b09,0x00000b08,0x0000010a,0x000500c2,
0x00000006,0x00000b0a,0x00000b09,0x00000062,
0x00050080,0x00000006,0x00000b0d,0x00000a8b,
0x00000a93,0x00050084,0x00000006,0x00000b0e,
0x00000b0d,0x00000100,0x00050080,0x00000006,
0x00000b0f,0x00000b0e,0x00000102,0x000500c2,
0x00000006,0x00000b10,0x00000b0f,0x0000002d,
0x000500c4,0x00000006,0x00000b12,0x00000b10,
0x0000003a,0x000500c5,0x00000006,0x00000b13,
0x00000092,0x00000b12,0x000500c4,0x00000006,
0x00000b15,0x00000b0a,0x0000002d,0x000500c5,
0x00000006,0x00000b16,0x00000b13,0x00000b15,
0x000500c5,0x00000006,0x00000b18,0x00000b16,
0x00000b04,0x00050041,0x00000007,0x00000b19,
0x00000a76,0x000000d3,0x0003003e,0x00000b19,
0x00000b18,0x00050041,0x00000007,0x00000b1a,
0x00000a76,0x000000f2,0x0003003e,0x00000b1a,
0x0000011c,0x000200f9,0x00000b1b,0x000200f8,
0x00000b1b,0x000200f9,0x00000b1c,0x000200f8,
0x00000b1c,0x000700f5,0x00000006,0x000019b8,
0x0000011c,0x00000b1b,0x00000b2c,0x00000b20,
0x000500b0,0x000000b4,0x00000b1f,0x000019b8,
0x0000003a,0x000400f6,0x00000b2d,0x00000b20,
0x00000000,0x000400fa,0x00000b1f,0x00000b20,
0x00000b2d,0x000200f8,0x00000b20,0x00050084,
0x00000006,0x00000b24,0x000019b8,0x000000b8,
0x000500c2,0x00000006,0x00000b25,0x00000a7f,
0x00000b24,0x000500c7,0x00000006,0x00000b26,
0x00000b25,0x0000012b,0x00050041,0x00000007,
0x00000b27,0x00000a76,0x00000b26,0x0004003d,
0x00000006,0x00000b28,0x00000b27,0x00050041,
0x00000007,0x00000b29,0x0000003d,0x000019b8,
0x0003003e,0x00000b29,0x00000b28,0x00050080,
0x00000006,0x00000b2c,0x000019b8,0x000000a8,
0x000200f9,0x00000b1c,0x000200f8,0x00000b2d,
0x000200f9,0x00000a2f,0x000200f8,0x00000a33,
0x000300f7,0x00000e9b,0x00000000,0x000300fb,
0x0000011c,0x00000ba8,0x000200f8,0x00000ba8,
0x000200f9,0x00000ba9,0x000200f8,0x00000ba9,
0x000700f5,0x00000006,0x0000187e,0x0000011c,
0x00000ba8,0x00000bb7,0x00000bad,0x000500b0,
0x000000b4,0x00000bac,0x0000187e,0x0000008e,
0x000400f6,0x00000bb8,0x00000bad,0x00000000,
0x000400fa,0x00000bac,0x00000bad,0x00000bb8,
0x000200f8,0x00000bad,0x00050080,0x00000006,
0x00000bb1,0x00000a2a,0x0000187e,0x00060041,
0x00000050,0x00000bb2,0x0000004d,0x0000004e,
0x00000bb1,0x0004003d,0x00000006,0x00000bb3,
0x00000bb2,0x00050041,0x00000007,0x00000bb4,
0x00000142,0x0000187e,0x0003003e,0x00000bb4,
0x00000bb3,0x00050080,0x00000006,0x00000bb7,
0x0000187e,0x000000a8,0x000200f9,0x00000ba9,
0x000200f8,0x00000bb8,0x000200f9,0x00000bb9,
0x000200f8,0x00000bb9,0x000700f5,0x00000006,
0x00001882,0x0000011c,0x00000bb8,0x00001888,
0x00000bc2,0x000700f5,0x00000015,0x0000187f,
0x0000004e,0x00000bb8,0x00000bc4,0x00000bc2,
0x000400f6,0x00000bc6,0x00000bc2,0x00000000,
0x000200f9,0x00000bba,0x000200f8,0x00000bba,
0x000500b1,0x000000b4,0x00000bbc,0x0000187f,
0x0000017e,0x000300f7,0x00000bc0,0x00000000,
0x000400fa,0x00000bbc,0x00000bbd,0x00000bc0,
0x000200f8,0x00000bbd,0x000200f9,0x00000ea1,
0x000200f8,0x00000ea1,0x000700f5,0x00000006,
0x00001883,0x0000011c,0x00000bbd,0x00000eb5,
0x00000ea6,0x000700f5,0x00000006,0x00001880,
0x0000011c,0x00000bbd,0x00000eb8,0x00000ea6,
0x000500b0,0x000000b4,0x00000ea5,0x00001880,
0x00000055,0x000400f6,0x00000eb9,0x00000ea6,
0x00000000,0x000400fa,0x00000ea5,0x00000ea6,
0x00000eb9,0x000200f8,0x00000ea6,0x00050080,
0x00000006,0x00000ea9,0x00001882,0x00001880,
0x000500c2,0x00000006,0x00000eab,0x00000ea9,
0x00000068,0x00050041,0x00000007,0x00000eac,
0x00000142,0x00000eab,0x0004003d,0x00000006,
0x00000ead,0x00000eac,0x000500c7,0x00000006,
0x00000eaf,0x00000ea9,0x00000064,0x000500c2,
0x00000006,0x00000eb0,0x00000ead,0x00000eaf,
0x000500c7,0x00000006,0x00000eb1,0x00000eb0,
0x00000055,0x000500c4,0x00000006,0x00000eb3,
0x00000eb1,0x00001880,0x000500c5,0x00000006,
0x00000eb5,0x00001883,0x00000eb3,0x00050080,
0x00000006,0x00000eb8,0x00001880,0x000000a8,
0x000200f9,0x00000ea1,0x000200f8,0x00000eb9,
0x00050080,0x00000006,0x00000ebc,0x00001882,
0x00000055,0x000500aa,0x000000b4,0x00000bbf,
0x00001883,0x0000011c,0x000200f9,0x00000bc0,
0x000200f8,0x00000bc0,0x000700f5,0x00000006,
0x00001888,0x00001882,0x00000bba,0x00000ebc,
0x00000eb9,0x000700f5,0x000000b4,0x00000bc1,
0x00000bbc,0x00000bba,0x00000bbf,0x00000eb9,
0x000400fa,0x00000bc1,0x00000bc2,0x00000bc6,
0x000200f8,0x00000bc2,0x00050080,0x00000015,
0x00000bc4,0x0000187f,0x000000a8,0x000200f9,
0x00000bb9,0x000200f8,0x00000bc6,0x000500af,
0x000000b4,0x00000bc8,0x0000187f,0x0000017e,
0x000300f7,0x00000bd5,0x00000000,0x000400fa,
0x00000bc8,0x00000bc9,0x00000bd5,0x000200f8,
0x00000bc9,0x000200f9,0x00000bca,0x000200f8,
0x00000bca,0x000700f5,0x00000006,0x000019b7,
0x0000011c,0x00000bc9,0x00000bd3,0x00000bce,
0x000500b0,0x000000b4,0x00000bcd,0x000019b7,
0x0000003a,0x000400f6,0x00000bd4,0x00000bce,
0x00000000,0x000400fa,0x00000bcd,0x00000bce,
0x00000bd4,0x000200f8,0x00000bce,0x00050041,
0x00000007,0x00000bd0,0x0000003d,0x000019b7,
0x0003003e,0x00000bd0,0x0000011c,0x00050080,
0x00000006,0x00000bd3,0x000019b7,0x000000a8,
0x000200f9,0x00000bca,0x000200f8,0x00000bd4,
0x000200f9,0x00000e9b,0x000200f8,0x00000bd5,
0x000500aa,0x000000b4,0x00000bd7,0x0000187f,
0x0000004e,0x000500aa,0x000000b4,0x00000bd9,
0x0000187f,0x000000a8,0x000500a6,0x000000b4,
0x00000bda,0x00000bd7,0x00000bd9,0x000500aa,
0x000000b4,0x00000bdc,0x0000187f,0x000000d3,
0x000500a6,0x000000b4,0x00000bdd,0x00000bda,
0x00000bdc,0x000500aa,0x000000b4,0x00000bdf,
0x0000187f,0x000000f2,0x000500a6,0x000000b4,
0x00000be0,0x00000bdd,0x00000bdf,0x000500aa,
0x000000b4,0x00000be2,0x0000187f,0x000001a9,
0x000500a6,0x000000b4,0x00000be3,0x00000be0,
0x00000be2,0x000300f7,0x00000bf0,0x00000000,
0x000400fa,0x00000be3,0x00000be4,0x00000bf0,
0x000200f8,0x00000be4,0x000500a6,0x000000b4,
0x00000be9,0x00000bd7,0x00000bdc,0x000600a9,
0x00000015,0x00000bea,0x00000be9,0x000000f2,
0x000000d3,0x000600a9,0x00000006,0x00000bed,
0x00000bd7,0x0000008e,0x00000080,0x000200f9,
0x00000ec3,0x000200f8,0x00000ec3,0x000700f5,
0x00000006,0x00001889,0x0000011c,0x00000be4,
0x00000ed7,0x00000ec8,0x000700f5,0x00000006,
0x00001886,0x0000011c,0x00000be4,0x00000eda,
0x00000ec8,0x000500b0,0x000000b4,0x00000ec7,
0x00001886,0x00000bed,0x000400f6,0x00000edb,
0x00000ec8,0x00000000,0x000400fa,0x00000ec7,
0x00000ec8,0x00000edb,0x000200f8,0x00000ec8,
0x00050080,0x00000006,0x00000ecb,0x00001888,
0x00001886,0x000500c2,0x00000006,0x00000ecd,
0x00000ecb,0x00000068,0x00050041,0x00000007,
0x00000ece,0x00000142,0x00000ecd,0x0004003d,
0x00000006,0x00000ecf,0x00000ece,0x000500c7,
0x00000006,0x00000ed1,0x00000ecb,0x00000064,
0x000500c2,0x00000006,0x00000ed2,0x00000ecf,
0x00000ed1,0x000500c7,0x00000006,0x00000ed3,
0x00000ed2,0x00000055,0x000500c4,0x00000006,
0x00000ed5,0x00000ed3,0x00001886,0x000500c5,
0x00000006,0x00000ed7,0x00001889,0x00000ed5,
0x00050080,0x00000006,0x00000eda,0x00001886,
0x000000a8,0x000200f9,0x00000ec3,0x000200f8,
0x00000edb,0x00050080,0x00000006,0x00000ede,
0x00001888,0x00000bed,0x0004007c,0x00000015,
0x00000bef,0x00001889,0x000200f9,0x00000bf0,
0x000200f8,0x00000bf0,0x000700f5,0x00000015,
0x000018ee,0x0000004e,0x00000bd5,0x00000bef,
0x00000edb,0x000700f5,0x00000006,0x00001890,
0x00001888,0x00000bd5,0x00000ede,0x00000edb,
0x000700f5,0x00000015,0x0000188a,0x000000a8,
0x00000bd5,0x00000bea,0x00000edb,0x00050084,
0x00000015,0x00000bf2,0x0000188a,0x000000d3,
0x000500aa,0x000000b4,0x00000bf4,0x0000187f,
0x000001be,0x000500aa,0x000000b4,0x00000bf6,
0x0000187f,0x000001c1,0x000500a6,0x000000b4,
0x00000bf7,0x00000bf4,0x00000bf6,0x000300f7,
0x00000c01,0x00000000,0x000400fa,0x00000bf7,
0x00000bf8,0x00000c01,0x000200f8,0x00000bf8,
0x000200f9,0x00000ee5,0x000200f8,0x00000ee5,
0x000700f5,0x00000006,0x00001891,0x0000011c,
0x00000bf8,0x00000ef9,0x00000eea,0x000700f5,
0x00000006,0x0000188e,0x0000011c,0x00000bf8,
0x00000efc,0x00000eea,0x000500b0,0x000000b4,
0x00000ee9,0x0000188e,0x000000b8,0x000400f6,
0x00000efd,0x00000eea,0x00000000,0x000400fa,
0x00000ee9,0x00000eea,0x00000efd,0x000200f8,
0x00000eea,0x00050080,0x00000006,0x00000eed,
0x00001890,0x0000188e,0x000500c2,0x00000006,
0x00000eef,0x00000eed,0x00000068,0x00050041,
0x00000007,0x00000ef0,0x00000142,0x00000eef,
0x0004003d,0x00000006,0x00000ef1,0x00000ef0,
0x000500c7,0x00000006,0x00000ef3,0x00000eed,
0x00000064,0x000500c2,0x00000006,0x00000ef4,
0x00000ef1,0x00000ef3,0x000500c7,0x00000006,
0x00000ef5,0x00000ef4,0x00000055,0x000500c4,
0x00000006,0x00000ef7,0x00000ef5,0x0000188e,
0x000500c5,0x00000006,0x00000ef9,0x00001891,
0x00000ef7,0x00050080,0x00000006,0x00000efc,
0x0000188e,0x000000a8,0x000200f9,0x00000ee5,
0x000200f8,0x00000efd,0x00050080,0x00000006,
0x00000f00,0x00001890,0x000000b8,0x0004007c,
0x00000015,0x00000bfa,0x00001891,0x000300f7,
0x00000c00,0x00000000,0x000400fa,0x00000bf4,
0x00000bfd,0x00000c00,0x000200f8,0x00000bfd,
0x000200f9,0x00000f07,0x000200f8,0x00000f07,
0x000700f5,0x00000006,0x00001895,0x0000011c,
0x00000bfd,0x00000f1b,0x00000f0c,0x000700f5,
0x00000006,0x00001893,0x0000011c,0x00000bfd,
0x00000f1e,0x00000f0c,0x000500b0,0x000000b4,
0x00000f0b,0x00001893,0x00000055,0x000400f6,
0x00000f1f,0x00000f0c,0x00000000,0x000400fa,
0x00000f0b,0x00000f0c,0x00000f1f,0x000200f8,
0x00000f0c,0x00050080,0x00000006,0x00000f0f,
0x00000f00,0x00001893,0x000500c2,0x00000006,
0x00000f11,0x00000f0f,0x00000068,0x00050041,
0x00000007,0x00000f12,0x00000142,0x00000f11,
0x0004003d,0x00000006,0x00000f13,0x00000f12,
0x000500c7,0x00000006,0x00000f15,0x00000f0f,
0x00000064,0x000500c2,0x00000006,0x00000f16,
0x00000f13,0x00000f15,0x000500c7,0x00000006,
0x00000f17,0x00000f16,0x00000055,0x000500c4,
0x00000006,0x00000f19,0x00000f17,0x00001893,
0x000500c5,0x00000006,0x00000f1b,0x00001895,
0x00000f19,0x00050080,0x00000006,0x00000f1e,
0x00001893,0x000000a8,0x000200f9,0x00000f07,
0x000200f8,0x00000f1f,0x00050080,0x00000006,
0x00000f22,0x00001890,0x0000012b,0x0004007c,
0x00000015,0x00000bff,0x00001895,0x000200f9,
0x00000c00,0x000200f8,0x00000c00,0x000700f5,
0x00000015,0x00001931,0x0000004e,0x00000efd,
0x00000bff,0x00000f1f,0x000700f5,0x00000006,
0x000018a8,0x00000f00,0x00000efd,0x00000f22,
0x00000f1f,0x000200f9,0x00000c01,0x000200f8,
0x00000c01,0x000700f5,0x00000015,0x0000194d,
0x0000004e,0x00000bf0,0x00000bfa,0x00000c00,
0x000700f5,0x00000015,0x0000192e,0x0000004e,
0x00000bf0,0x00001931,0x00000c00,0x000700f5,
0x00000006,0x000018a7,0x00001890,0x00000bf0,
0x000018a8,0x00000c00,0x000200f9,0x00000c02,
0x000200f8,0x00000c02,0x000700f5,0x00000006,
0x000018a6,0x000018a7,0x00000c01,0x000019b4,
0x00000c1a,0x000700f5,0x00000015,0x00001896,
0x0000004e,0x00000c01,0x00000c1c,0x00000c1a,
0x000500b1,0x000000b4,0x00000c05,0x00001896,
0x000000f2,0x000400f6,0x00000c1d,0x00000c1a,
0x00000000,0x000400fa,0x00000c05,0x00000c06,
0x00000c1d,0x000200f8,0x00000c06,0x000200f9,
0x00000c07,0x000200f8,0x00000c07,0x000700f5,
0x00000006,0x000019b4,0x000018a6,0x00000c06,
0x00000f44,0x00000c16,0x000700f5,0x00000015,
0x000019af,0x0000004e,0x00000c06,0x00000c18,
0x00000c16,0x000500b1,0x000000b4,0x00000c0b,
0x000019af,0x00000bf2,0x000400f6,0x00000c19,
0x00000c16,0x00000000,0x000400fa,0x00000c0b,
0x00000c0c,0x00000c19,0x000200f8,0x00000c0c,
0x0003003e,0x00000b3e,0x000001e7,0x00050041,
0x00000016,0x00000c10,0x00000b3e,0x0000187f,
0x0004003d,0x00000015,0x00000c11,0x00000c10,
0x0004007c,0x00000006,0x00000c12,0x00000c11,
0x000200f9,0x00000f29,0x000200f8,0x00000f29,
0x000700f5,0x00000006,0x000019b5,0x0000011c,
0x00000c0c,0x00000f3d,0x00000f2e,0x000700f5,
0x00000006,0x000019b2,0x0000011c,0x00000c0c,
0x00000f40,0x00000f2e,0x000500b0,0x000000b4,
0x00000f2d,0x000019b2,0x00000c12,0x000400f6,
0x00000f41,0x00000f2e,0x00000000,0x000400fa,
0x00000f2d,0x00000f2e,0x00000f41,0x000200f8,
0x00000f2e,0x00050080,0x00000006,0x00000f31,
0x000019b4,0x000019b2,0x000500c2,0x00000006,
0x00000f33,0x00000f31,0x00000068,0x00050041,
0x00000007,0x00000f34,0x00000142,0x00000f33,
0x0004003d,0x00000006,0x00000f35,0x00000f34,
0x000500c7,0x00000006,0x00000f37,0x00000f31,
0x00000064,0x000500c2,0x00000006,0x00000f38,
0x00000f35,0x00000f37,0x000500c7,0x00000006,
0x00000f39,0x00000f38,0x00000055,0x000500c4,
0x00000006,0x00000f3b,0x00000f39,0x000019b2,
0x000500c5,0x00000006,0x00000f3d,0x000019b5,
0x00000f3b,0x00050080,0x00000006,0x00000f40,
0x000019b2,0x000000a8,0x000200f9,0x00000f29,
0x000200f8,0x00000f41,0x00050080,0x00000006,
0x00000f44,0x000019b4,0x00000c12,0x0004007c,
0x00000015,0x00000c14,0x000019b5,0x00060041,
0x00000016,0x00000c15,0x00000b3d,0x000019af,
0x00001896,0x0003003e,0x00000c15,0x00000c14,
0x000200f9,0x00000c16,0x000200f8,0x00000c16,
0x00050080,0x00000015,0x00000c18,0x000019af,
0x000000a8,0x000200f9,0x00000c07,0x000200f8,
0x00000c19,0x000200f9,0x00000c1a,0x000200f8,
0x00000c1a,0x00050080,0x00000015,0x00000c1c,
0x00001896,0x000000a8,0x000200f9,0x00000c02,
0x000200f8,0x00000c1d,0x0003003e,0x00000b40,
0x000001f5,0x00050041,0x00000016,0x00000c1f,
0x00000b40,0x0000187f,0x0004003d,0x00000015,
0x00000c20,0x00000c1f,0x000500ad,0x000000b4,
0x00000c21,0x00000c20,0x0000004e,0x000300f7,
0x00000c35,0x00000000,0x000400fa,0x00000c21,
0x00000c22,0x00000c35,0x000200f8,0x00000c22,
0x000200f9,0x00000c23,0x000200f8,0x00000c23,
0x000700f5,0x00000006,0x000018a9,0x000018a6,
0x00000c22,0x00000f66,0x00000c31,0x000700f5,
0x00000015,0x0000189b,0x0000004e,0x00000c22,
0x00000c33,0x00000c31,0x000500b1,0x000000b4,
0x00000c27,0x0000189b,0x00000bf2,0x000400f6,
0x00000c34,0x00000c31,0x00000000,0x000400fa,
0x00000c27,0x00000c28,0x00000c34,0x000200f8,
0x00000c28,0x0003003e,0x00000b42,0x000001f5,
0x00050041,0x00000016,0x00000c2b,0x00000b42,
0x0000187f,0x0004003d,0x00000015,0x00000c2c,
0x00000c2b,0x0004007c,0x00000006,0x00000c2d,
0x00000c2c,0x000200f9,0x00000f4b,0x000200f8,
0x00000f4b,0x000700f5,0x00000006,0x000019ad,
0x0000011c,0x00000c28,0x00000f5f,0x00000f50,
0x000700f5,0x00000006,0x000019ab,0x0000011c,
0x00000c28,0x00000f62,0x00000f50,0x000500b0,
0x000000b4,0x00000f4f,0x000019ab,0x00000c2d,
0x000400f6,0x00000f63,0x00000f50,0x00000000,
0x000400fa,0x00000f4f,0x00000f50,0x00000f63,
0x000200f8,0x00000f50,0x00050080,0x00000006,
0x00000f53,0x000018a9,0x000019ab,0x000500c2,
0x00000006,0x00000f55,0x00000f53,0x00000068,
0x00050041,0x00000007,0x00000f56,0x00000142,
0x00000f55,0x0004003d,0x00000006,0x00000f57,
0x00000f56,0x000500c7,0x00000006,0x00000f59,
0x00000f53,0x00000064,0x000500c2,0x00000006,
0x00000f5a,0x00000f57,0x00000f59,0x000500c7,
0x00000006,0x00000f5b,0x00000f5a,0x00000055,
0x000500c4,0x00000006,0x00000f5d,0x00000f5b,
0x000019ab,0x000500c5,0x00000006,0x00000f5f,
0x000019ad,0x00000f5d,0x00050080,0x00000006,
0x00000f62,0x000019ab,0x000000a8,0x000200f9,
0x00000f4b,0x000200f8,0x00000f63,0x00050080,
0x00000006,0x00000f66,0x000018a9,0x00000c2d,
0x0004007c,0x00000015,0x00000c2f,0x000019ad,
0x00060041,0x00000016,0x00000c30,0x00000b3d,
0x0000189b,0x000000f2,0x0003003e,0x00000c30,
0x00000c2f,0x000200f9,0x00000c31,0x000200f8,
0x00000c31,0x00050080,0x00000015,0x00000c33,
0x0000189b,0x000000a8,0x000200f9,0x00000c23,
0x000200f8,0x00000c34,0x000200f9,0x00000c35,
0x000200f8,0x00000c35,0x000700f5,0x00000006,
0x000018a5,0x000018a6,0x00000c1d,0x000018a9,
0x00000c34,0x000500a6,0x000000b4,0x00000c3d,
0x00000bda,0x00000bdf,0x000500aa,0x000000b4,
0x00000c3f,0x0000187f,0x00000162,0x000500a6,
0x000000b4,0x00000c40,0x00000c3d,0x00000c3f,
0x000500a6,0x000000b4,0x00000c43,0x00000c40,
0x00000be2,0x000300f7,0x00000cab,0x00000000,
0x000400fa,0x00000c43,0x00000c44,0x00000cab,
0x000200f8,0x00000c44,0x000200f9,0x00000c45,
0x000200f8,0x00000c45,0x000700f5,0x00000015,
0x0000189e,0x0000004e,0x00000c44,0x00000c5c,
0x00000c5a,0x000500b1,0x000000b4,0x00000c49,
0x0000189e,0x00000bf2,0x000400f6,0x00000c5d,
0x00000c5a,0x00000000,0x000400fa,0x00000c49,
0x00000c4a,0x00000c5d,0x000200f8,0x00000c4a,
0x000200f9,0x00000c4b,0x000200f8,0x00000c4b,
0x000700f5,0x00000015,0x000019a9,0x0000004e,
0x00000c4a,0x00000c58,0x00000c4f,0x000500b1,
0x000000b4,0x00000c4e,0x000019a9,0x000001be,
0x000400f6,0x00000c59,0x00000c4f,0x00000000,
0x000400fa,0x00000c4e,0x00000c4f,0x00000c59,
0x000200f8,0x00000c4f,0x00060041,0x00000016,
0x00000c52,0x00000b3d,0x0000189e,0x000019a9,
0x0004003d,0x00000015,0x00000c53,0x00000c52,
0x000500c4,0x00000015,0x00000c54,0x00000c53,
0x000000a8,0x0003003e,0x00000c52,0x00000c54,
0x00050080,0x00000015,0x00000c58,0x000019a9,
0x000000a8,0x000200f9,0x00000c4b,0x000200f8,
0x00000c59,0x000200f9,0x00000c5a,0x000200f8,
0x00000c5a,0x00050080,0x00000015,0x00000c5c,
0x0000189e,0x000000a8,0x000200f9,0x00000c45,
0x000200f8,0x00000c5d,0x000300f7,0x00000caa,
0x00000000,0x000400fa,0x00000bd9,0x00000c60,
0x00000c86,0x000200f8,0x00000c60,0x000200f9,
0x00000f6d,0x000200f8,0x00000f6d,0x000700f5,
0x00000006,0x000018b0,0x0000011c,0x00000c60,
0x00000f81,0x00000f72,0x000700f5,0x00000006,
0x000018ae,0x0000011c,0x00000c60,0x00000f84,
0x00000f72,0x000500b0,0x000000b4,0x00000f71,
0x000018ae,0x00000055,0x000400f6,0x00000f85,
0x00000f72,0x00000000,0x000400fa,0x00000f71,
0x00000f72,0x00000f85,0x000200f8,0x00000f72,
0x00050080,0x00000006,0x00000f75,0x000018a5,
0x000018ae,0x000500c2,0x00000006,0x00000f77,
0x00000f75,0x00000068,0x00050041,0x00000007,
0x00000f78,0x00000142,0x00000f77,0x0004003d,
0x00000006,0x00000f79,0x00000f78,0x000500c7,
0x00000006,0x00000f7b,0x00000f75,0x00000064,
0x000500c2,0x00000006,0x00000f7c,0x00000f79,
0x00000f7b,0x000500c7,0x00000006,0x00000f7d,
0x00000f7c,0x00000055,0x000500c4,0x00000006,
0x00000f7f,0x00000f7d,0x000018ae,0x000500c5,
0x00000006,0x00000f81,0x000018b0,0x00000f7f,
0x00050080,0x00000006,0x00000f84,0x000018ae,
0x000000a8,0x000200f9,0x00000f6d,0x000200f8,
0x00000f85,0x00050080,0x00000006,0x00000f88,
0x000018a5,0x00000055,0x0004007c,0x00000015,
0x00000c62,0x000018b0,0x000200f9,0x00000f8f,
0x000200f8,0x00000f8f,0x000700f5,0x00000006,
0x000018b3,0x0000011c,0x00000f85,0x00000fa3,
0x00000f94,0x000700f5,0x00000006,0x000018b1,
0x0000011c,0x00000f85,0x00000fa6,0x00000f94,
0x000500b0,0x000000b4,0x00000f93,0x000018b1,
0x00000055,0x000400f6,0x00000fa7,0x00000f94,
0x00000000,0x000400fa,0x00000f93,0x00000f94,
0x00000fa7,0x000200f8,0x00000f94,0x00050080,
0x00000006,0x00000f97,0x00000f88,0x000018b1,
0x000500c2,0x00000006,0x00000f99,0x00000f97,
0x00000068,0x00050041,0x00000007,0x00000f9a,
0x00000142,0x00000f99,0x0004003d,0x00000006,
0x00000f9b,0x00000f9a,0x000500c7,0x00000006,
0x00000f9d,0x00000f97,0x00000064,0x000500c2,
0x00000006,0x00000f9e,0x00000f9b,0x00000f9d,
0x000500c7,0x00000006,0x00000f9f,0x00000f9e,
0x00000055,0x000500c4,0x00000006,0x00000fa1,
0x00000f9f,0x000018b1,0x000500c5,0x00000006,
0x00000fa3,0x000018b3,0x00000fa1,0x00050080,
0x00000006,0x00000fa6,0x000018b1,0x000000a8,
0x000200f9,0x00000f8f,0x000200f8,0x00000fa7,
0x00050080,0x00000006,0x00000faa,0x000018a5,
0x000000b8,0x0004007c,0x00000015,0x00000c64,
0x000018b3,0x000200f9,0x00000c65,0x000200f8,
0x00000c65,0x000700f5,0x00000015,0x000018b4,
0x0000004e,0x00000fa7,0x00000c84,0x00000c69,
0x000500b1,0x000000b4,0x00000c68,0x000018b4,
0x000000f2,0x000400f6,0x00000c85,0x00000c69,
0x00000000,0x000400fa,0x00000c68,0x00000c69,
0x00000c85,0x000200f8,0x00000c69,0x00060041,
0x00000016,0x00000c6c,0x00000b3d,0x0000004e,
0x000018b4,0x0004003d,0x00000015,0x00000c6d,
0x00000c6c,0x000500c5,0x00000015,0x00000c6e,
0x00000c6d,0x00000c62,0x0003003e,0x00000c6c,
0x00000c6e,0x00060041,0x00000016,0x00000c72,
0x00000b3d,0x000000a8,0x000018b4,0x0004003d,
0x00000015,0x00000c73,0x00000c72,0x000500c5,
0x00000015,0x00000c74,0x00000c73,0x00000c62,
0x0003003e,0x00000c72,0x00000c74,0x00060041,
0x00000016,0x00000c78,0x00000b3d,0x000000d3,
0x000018b4,0x0004003d,0x00000015,0x00000c79,
0x00000c78,0x000500c5,0x00000015,0x00000c7a,
0x00000c79,0x00000c64,0x0003003e,0x00000c78,
0x00000c7a,0x00060041,0x00000016,0x00000c7e,
0x00000b3d,0x000000f2,0x000018b4,0x0004003d,
0x00000015,0x00000c7f,0x00000c7e,0x000500c5,
0x00000015,0x00000c80,0x00000c7f,0x00000c64,
0x0003003e,0x00000c7e,0x00000c80,0x00050080,
0x00000015,0x00000c84,0x000018b4,0x000000a8,
0x000200f9,0x00000c65,0x000200f8,0x00000c85,
0x000200f9,0x00000caa,0x000200f8,0x00000c86,
0x000500c4,0x00000015,0x00000c89,0x000000a8,
0x0000187f,0x000500c7,0x00000015,0x00000c8a,
0x00000213,0x00000c89,0x000500ab,0x000000b4,
0x00000c8b,0x00000c8a,0x0000004e,0x000300f7,
0x00000ca9,0x00000000,0x000400fa,0x00000c8b,
0x00000c8c,0x00000ca9,0x000200f8,0x00000c8c,
0x000200f9,0x00000c8d,0x000200f8,0x00000c8d,
0x000700f5,0x00000006,0x000018a3,0x000018a5,
0x00000c8c,0x00000fcc,0x00000ca5,0x000700f5,
0x00000015,0x000018a0,0x0000004e,0x00000c8c,
0x00000ca7,0x00000ca5,0x000500b1,0x000000b4,
0x00000c91,0x000018a0,0x00000bf2,0x000400f6,
0x00000ca8,0x00000ca5,0x00000000,0x000400fa,
0x00000c91,0x00000c92,0x00000ca8,0x000200f8,
0x00000c92,0x000200f9,0x00000fb1,0x000200f8,
0x00000fb1,0x000700f5,0x00000006,0x000018aa,
0x0000011c,0x00000c92,0x00000fc5,0x00000fb6,
0x000700f5,0x00000006,0x000018a1,0x0000011c,
0x00000c92,0x00000fc8,0x00000fb6,0x000500b0,
0x000000b4,0x00000fb5,0x000018a1,0x00000055,
0x000400f6,0x00000fc9,0x00000fb6,0x00000000,
0x000400fa,0x00000fb5,0x00000fb6,0x00000fc9,
0x000200f8,0x00000fb6,0x00050080,0x00000006,
0x00000fb9,0x000018a3,0x000018a1,0x000500c2,
0x00000006,0x00000fbb,0x00000fb9,0x00000068,
0x00050041,0x00000007,0x00000fbc,0x00000142,
0x00000fbb,0x0004003d,0x00000006,0x00000fbd,
0x00000fbc,0x000500c7,0x00000006,0x00000fbf,
0x00000fb9,0x00000064,0x000500c2,0x00000006,
0x00000fc0,0x00000fbd,0x00000fbf,0x000500c7,
0x00000006,0x00000fc1,0x00000fc0,0x00000055,
0x000500c4,0x00000006,0x00000fc3,0x00000fc1,
0x000018a1,0x000500c5,0x00000006,0x00000fc5,
0x000018aa,0x00000fc3,0x00050080,0x00000006,
0x00000fc8,0x000018a1,0x000000a8,0x000200f9,
0x00000fb1,0x000200f8,0x00000fc9,0x00050080,
0x00000006,0x00000fcc,0x000018a3,0x00000055,
0x0004007c,0x00000015,0x00000c94,0x000018aa,
0x000200f9,0x00000c95,0x000200f8,0x00000c95,
0x000700f5,0x00000015,0x000018ab,0x0000004e,
0x00000fc9,0x00000ca3,0x00000c99,0x000500b1,
0x000000b4,0x00000c98,0x000018ab,0x000001be,
0x000400f6,0x00000ca4,0x00000c99,0x00000000,
0x000400fa,0x00000c98,0x00000c99,0x00000ca4,
0x000200f8,0x00000c99,0x00060041,0x00000016,
0x00000c9d,0x00000b3d,0x000018a0,0x000018ab,
0x0004003d,0x00000015,0x00000c9e,0x00000c9d,
0x000500c5,0x00000015,0x00000c9f,0x00000c9e,
0x00000c94,0x0003003e,0x00000c9d,0x00000c9f,
0x00050080,0x00000015,0x00000ca3,0x000018ab,
0x000000a8,0x000200f9,0x00000c95,0x000200f8,
0x00000ca4,0x000200f9,0x00000ca5,0x000200f8,
0x00000ca5,0x00050080,0x00000015,0x00000ca7,
0x000018a0,0x000000a8,0x000200f9,0x00000c8d,
0x000200f8,0x00000ca8,0x000200f9,0x00000ca9,
0x000200f8,0x00000ca9,0x000700f5,0x00000006,
0x00001919,0x000018a5,0x00000c86,0x000018a3,
0x00000ca8,0x000200f9,0x00000caa,0x000200f8,
0x00000caa,0x000700f5,0x00000006,0x00001917,
0x00000faa,0x00000c85,0x00001919,0x00000ca9,
0x000200f9,0x00000cab,0x000200f8,0x00000cab,
0x000700f5,0x00000006,0x00001916,0x000018a5,
0x00000c35,0x00001917,0x00000caa,0x000200f9,
0x00000cac,0x000200f8,0x00000cac,0x000700f5,
0x00000015,0x000018b5,0x0000004e,0x00000cab,
0x00000cf8,0x00000cf6,0x000500b1,0x000000b4,
0x00000cb0,0x000018b5,0x00000bf2,0x000400f6,
0x00000cf9,0x00000cf6,0x00000000,0x000400fa,
0x00000cb0,0x00000cb1,0x00000cf9,0x000200f8,
0x00000cb1,0x0003003e,0x00000b52,0x000001e7,
0x00050041,0x00000016,0x00000cb3,0x00000b52,
0x0000187f,0x0004003d,0x00000015,0x00000cb4,
0x00000cb3,0x000500c3,0x00000015,0x00000cb7,
0x00000213,0x0000187f,0x000500c7,0x00000015,
0x00000cb8,0x00000cb7,0x000000a8,0x00050080,
0x00000015,0x00000cb9,0x00000cb4,0x00000cb8,
0x000200f9,0x00000cba,0x000200f8,0x00000cba,
0x000700f5,0x00000015,0x000019a5,0x0000004e,
0x00000cb1,0x00000cd9,0x00000cbe,0x000500b1,
0x000000b4,0x00000cbd,0x000019a5,0x000000f2,
0x000400f6,0x00000cda,0x00000cbe,0x00000000,
0x000400fa,0x00000cbd,0x00000cbe,0x00000cda,
0x000200f8,0x00000cbe,0x00060041,0x00000016,
0x00000cc3,0x00000b3d,0x000018b5,0x000019a5,
0x0004003d,0x00000015,0x00000cc4,0x00000cc3,
0x00050082,0x00000015,0x00000cc6,0x0000017e,
0x00000cb9,0x000500c4,0x00000015,0x00000cc7,
0x00000cc4,0x00000cc6,0x0003003e,0x00000cc3,
0x00000cc7,0x0004003d,0x00000015,0x00000cce,
0x00000cc3,0x0004003d,0x00000015,0x00000cd2,
0x00000cc3,0x000500c3,0x00000015,0x00000cd4,
0x00000cd2,0x00000cb9,0x000500c5,0x00000015,
0x00000cd5,0x00000cce,0x00000cd4,0x0003003e,
0x00000cc3,0x00000cd5,0x00050080,0x00000015,
0x00000cd9,0x000019a5,0x000000a8,0x000200f9,
0x00000cba,0x000200f8,0x00000cda,0x0003003e,
0x00000b54,0x000001f5,0x00050041,0x00000016,
0x00000cdc,0x00000b54,0x0000187f,0x0004003d,
0x00000015,0x00000cdd,0x00000cdc,0x00050080,
0x00000015,0x00000ce2,0x00000cdd,0x00000cb8,
0x00060041,0x00000016,0x00000ce5,0x00000b3d,
0x000018b5,0x000000f2,0x0004003d,0x00000015,
0x00000ce6,0x00000ce5,0x00050082,0x00000015,
0x00000ce8,0x0000017e,0x00000ce2,0x000500c4,
0x00000015,0x00000ce9,0x00000ce6,0x00000ce8,
0x0003003e,0x00000ce5,0x00000ce9,0x0004003d,
0x00000015,0x00000cee,0x00000ce5,0x0004003d,
0x00000015,0x00000cf1,0x00000ce5,0x000500c3,
0x00000015,0x00000cf3,0x00000cf1,0x00000ce2,
0x000500c5,0x00000015,0x00000cf4,0x00000cee,
0x00000cf3,0x0003003e,0x00000ce5,0x00000cf4,
0x000200f9,0x00000cf6,0x000200f8,0x00000cf6,
0x00050080,0x00000015,0x00000cf8,0x000018b5,
0x000000a8,0x000200f9,0x00000cac,0x000200f8,
0x00000cf9,0x0003003e,0x00000b55,0x000001f5,
0x00050041,0x00000016,0x00000cfb,0x00000b55,
0x0000187f,0x0004003d,0x00000015,0x00000cfc,
0x00000cfb,0x000500aa,0x000000b4,0x00000cfd,
0x00000cfc,0x0000004e,0x000300f7,0x00000d0b,
0x00000000,0x000400fa,0x00000cfd,0x00000cfe,
0x00000d0b,0x000200f8,0x00000cfe,0x000200f9,
0x00000cff,0x000200f8,0x00000cff,0x000700f5,
0x00000015,0x000018c0,0x0000004e,0x00000cfe,
0x00000d09,0x00000d04,0x000500b1,0x000000b4,
0x00000d03,0x000018c0,0x00000bf2,0x000400f6,
0x00000d0a,0x00000d04,0x00000000,0x000400fa,
0x00000d03,0x00000d04,0x00000d0a,0x000200f8,
0x00000d04,0x00060041,0x00000016,0x00000d06,
0x00000b3d,0x000018c0,0x000000f2,0x0003003e,
0x00000d06,0x000002f9,0x00050080,0x00000015,
0x00000d09,0x000018c0,0x000000a8,0x000200f9,
0x00000cff,0x000200f8,0x00000d0a,0x000200f9,
0x00000d0b,0x000200f8,0x00000d0b,0x000300f7,
0x00000d16,0x00000000,0x000400fa,0x00000bda,
0x00000d11,0x00000d12,0x000200f8,0x00000d11,
0x000200f9,0x00000d16,0x000200f8,0x00000d12,
0x000600a9,0x00000015,0x00000d15,0x00000c3f,
0x000001be,0x000000d3,0x000200f9,0x00000d16,
0x000200f8,0x00000d16,0x000700f5,0x00000015,
0x000018c3,0x000000f2,0x00000d11,0x00000d15,
0x00000d12,0x000300f7,0x00000d1f,0x00000000,
0x000400fa,0x00000bf4,0x00000d1a,0x00000d1b,
0x000200f8,0x00000d1a,0x000200f9,0x00000d1f,
0x000200f8,0x00000d1b,0x000600a9,0x00000015,
0x00000d1e,0x00000bf6,0x000000d3,0x0000004e,
0x000200f9,0x00000d1f,0x000200f8,0x00000d1f,
0x000700f5,0x00000015,0x000018c5,0x000000f2,
0x00000d1a,0x00000d1e,0x00000d1b,0x000200f9,
0x00000d21,0x000200f8,0x00000d21,0x000700f5,
0x00000006,0x00001911,0x00001916,0x00000d1f,
0x000019a1,0x00000d70,0x000700f5,0x00000015,
0x000018c6,0x0000004e,0x00000d1f,0x00000d72,
0x00000d70,0x000500b1,0x000000b4,0x00000d24,
0x000018c6,0x000001be,0x000400f6,0x00000d73,
0x00000d70,0x00000000,0x000400fa,0x00000d24,
0x00000d25,0x00000d73,0x000200f8,0x00000d25,
0x000200f9,0x00000d26,0x000200f8,0x00000d26,
0x000700f5,0x00000006,0x000019a1,0x00001911,
0x00000d25,0x00000fee,0x00000d6c,0x000700f5,
0x00000015,0x00001987,0x0000004e,0x00000d25,
0x00000d6e,0x00000d6c,0x000500b1,0x000000b4,
0x00000d29,0x00001987,0x000001be,0x000400f6,
0x00000d6f,0x00000d6c,0x00000000,0x000400fa,
0x00000d29,0x00000d2a,0x00000d6f,0x000200f8,
0x00000d2a,0x000500aa,0x000000b4,0x00000d2c,
0x0000188a,0x000000a8,0x000300f7,0x00000d4e,
0x00000000,0x000400fa,0x00000d2c,0x00000d2d,
0x00000d33,0x000200f8,0x00000d2d,0x000500c5,
0x00000015,0x00000d30,0x000018c6,0x00001987,
0x000500ab,0x000000b4,0x00000d31,0x00000d30,
0x0000004e,0x000600a9,0x00000015,0x00000d32,
0x00000d31,0x0000004e,0x00000330,0x000200f9,
0x00000d4e,0x000200f8,0x00000d33,0x000500aa,
0x000000b4,0x00000d35,0x0000188a,0x000000f2,
0x000300f7,0x00000d4c,0x00000000,0x000400fa,
0x00000d35,0x00000d36,0x00000d41,0x000200f8,
0x00000d36,0x00050084,0x00000015,0x00000d38,
0x000018ee,0x0000033f,0x00050084,0x00000015,
0x00000d3a,0x000018c6,0x000001be,0x00050080,
0x00000015,0x00000d3b,0x00000d38,0x00000d3a,
0x00050080,0x00000015,0x00000d3d,0x00000d3b,
0x00001987,0x0003003e,0x00000b60,0x0000033d,
0x00050041,0x00000007,0x00000d3e,0x00000b60,
0x00000d3d,0x0004003d,0x00000006,0x00000d3f,
0x00000d3e,0x0004007c,0x00000015,0x00000d40,
0x00000d3f,0x000200f9,0x00000d4c,0x000200f8,
0x00000d41,0x00050084,0x00000015,0x00000d43,
0x000018ee,0x0000033f,0x00050084,0x00000015,
0x00000d45,0x000018c6,0x000001be,0x00050080,
0x00000015,0x00000d46,0x00000d43,0x00000d45,
0x00050080,0x00000015,0x00000d48,0x00000d46,
0x00001987,0x0003003e,0x00000b61,0x0000034c,
0x00050041,0x00000007,0x00000d49,0x00000b61,
0x00000d48,0x0004003d,0x00000006,0x00000d4a,
0x00000d49,0x0004007c,0x00000015,0x00000d4b,
0x00000d4a,0x000200f9,0x00000d4c,0x000200f8,
0x00000d4c,0x000700f5,0x00000015,0x0000198b,
0x00000d40,0x00000d36,0x00000d4b,0x00000d41,
0x000200f9,0x00000d4e,0x000200f8,0x00000d4e,
0x000700f5,0x00000015,0x0000198c,0x00000d32,
0x00000d2d,0x0000198b,0x00000d4c,0x000300f7,
0x00000d5a,0x00000000,0x000400fa,0x00000bda,
0x00000d55,0x00000d56,0x000200f8,0x00000d55,
0x000200f9,0x00000d5a,0x000200f8,0x00000d56,
0x000600a9,0x00000015,0x00000d59,0x00000c3f,
0x000001be,0x000000d3,0x000200f9,0x00000d5a,
0x000200f8,0x00000d5a,0x000700f5,0x00000015,
0x00001992,0x000000f2,0x00000d55,0x00000d59,
0x00000d56,0x000500c7,0x00000015,0x00000d5d,
0x0000198c,0x00000330,0x000500ab,0x000000b4,
0x00000d5e,0x00000d5d,0x0000004e,0x000300f7,
0x00000d62,0x00000000,0x000400fa,0x00000d5e,
0x00000d5f,0x00000d62,0x000200f8,0x00000d5f,
0x00050082,0x00000015,0x00000d61,0x00001992,
0x000000a8,0x000200f9,0x00000d62,0x000200f8,
0x00000d62,0x000700f5,0x00000015,0x0000199b,
0x00001992,0x00000d5a,0x00000d61,0x00000d5f,
0x00050084,0x00000015,0x00000d64,0x000018c6,
0x000001be,0x00050080,0x00000015,0x00000d66,
0x00000d64,0x00001987,0x0004007c,0x00000006,
0x00000d68,0x0000199b,0x000200f9,0x00000fd3,
0x000200f8,0x00000fd3,0x000700f5,0x00000006,
0x000019a3,0x0000011c,0x00000d62,0x00000fe7,
0x00000fd8,0x000700f5,0x00000006,0x0000199c,
0x0000011c,0x00000d62,0x00000fea,0x00000fd8,
0x000500b0,0x000000b4,0x00000fd7,0x0000199c,
0x00000d68,0x000400f6,0x00000feb,0x00000fd8,
0x00000000,0x000400fa,0x00000fd7,0x00000fd8,
0x00000feb,0x000200f8,0x00000fd8,0x00050080,
0x00000006,0x00000fdb,0x000019a1,0x0000199c,
0x000500c2,0x00000006,0x00000fdd,0x00000fdb,
0x00000068,0x00050041,0x00000007,0x00000fde,
0x00000142,0x00000fdd,0x0004003d,0x00000006,
0x00000fdf,0x00000fde,0x000500c7,0x00000006,
0x00000fe1,0x00000fdb,0x00000064,0x000500c2,
0x00000006,0x00000fe2,0x00000fdf,0x00000fe1,
0x000500c7,0x00000006,0x00000fe3,0x00000fe2,
0x00000055,0x000500c4,0x00000006,0x00000fe5,
0x00000fe3,0x0000199c,0x000500c5,0x00000006,
0x00000fe7,0x000019a3,0x00000fe5,0x00050080,
0x00000006,0x00000fea,0x0000199c,0x000000a8,
0x000200f9,0x00000fd3,0x000200f8,0x00000feb,
0x00050080,0x00000006,0x00000fee,0x000019a1,
0x00000d68,0x0004007c,0x00000015,0x00000d6a,
0x000019a3,0x00050041,0x00000016,0x00000d6b,
0x00000b64,0x00000d66,0x0003003e,0x00000d6b,
0x00000d6a,0x000200f9,0x00000d6c,0x000200f8,
0x00000d6c,0x00050080,0x00000015,0x00000d6e,
0x00001987,0x000000a8,0x000200f9,0x00000d26,
0x000200f8,0x00000d6f,0x000200f9,0x00000d70,
0x000200f8,0x00000d70,0x00050080,0x00000015,
0x00000d72,0x000018c6,0x000000a8,0x000200f9,
0x00000d21,0x000200f8,0x00000d73,0x000200f9,
0x00000d74,0x000200f8,0x00000d74,0x000700f5,
0x00000015,0x000018c7,0x0000004e,0x00000d73,
0x00000e99,0x00000e97,0x000700f5,0x00000006,
0x00001910,0x00001911,0x00000d73,0x0000190f,
0x00000e97,0x000500b1,0x000000b4,0x00000d77,
0x000018c7,0x000001be,0x000400f6,0x00000e9a,
0x00000e97,0x00000000,0x000400fa,0x00000d77,
0x00000d78,0x00000e9a,0x000200f8,0x00000d78,
0x000200f9,0x00000d79,0x000200f8,0x00000d79,
0x000700f5,0x00000006,0x0000190f,0x00001910,
0x00000d78,0x00001ab0,0x00000e93,0x000700f5,
0x00000015,0x000018c8,0x0000004e,0x00000d78,
0x00000e95,0x00000e93,0x000500b1,0x000000b4,
0x00000d7c,0x000018c8,0x000001be,0x000400f6,
0x00000e96,0x00000e93,0x00000000,0x000400fa,
0x00000d7c,0x00000d7d,0x00000e96,0x000200f8,
0x00000d7d,0x000500aa,0x000000b4,0x00000d7f,
0x0000188a,0x000000a8,0x000300f7,0x00000da1,
0x00000000,0x000400fa,0x00000d7f,0x00000d80,
0x00000d86,0x000200f8,0x00000d80,0x000500c5,
0x00000015,0x00000d83,0x000018c7,0x000018c8,
0x000500ab,0x000000b4,0x00000d84,0x00000d83,
0x0000004e,0x000600a9,0x00000015,0x00000d85,
0x00000d84,0x0000004e,0x00000330,0x000200f9,
0x00000da1,0x000200f8,0x00000d86,0x000500aa,
0x000000b4,0x00000d88,0x0000188a,0x000000f2,
0x000300f7,0x00000d9f,0x00000000,0x000400fa,
0x00000d88,0x00000d89,0x00000d94,0x000200f8,
0x00000d89,0x00050084,0x00000015,0x00000d8b,
0x000018ee,0x0000033f,0x00050084,0x00000015,
0x00000d8d,0x000018c7,0x000001be,0x00050080,
0x00000015,0x00000d8e,0x00000d8b,0x00000d8d,
0x00050080,0x00000015,0x00000d90,0x00000d8e,
0x000018c8,0x0003003e,0x00000b6b,0x0000033d,
0x00050041,0x00000007,0x00000d91,0x00000b6b,
0x00000d90,0x0004003d,0x00000006,0x00000d92,
0x00000d91,0x0004007c,0x00000015,0x00000d93,
0x00000d92,0x000200f9,0x00000d9f,0x000200f8,
0x00000d94,0x00050084,0x00000015,0x00000d96,
0x000018ee,0x0000033f,0x00050084,0x00000015,
0x00000d98,0x000018c7,0x000001be,0x00050080,
0x00000015,0x00000d99,0x00000d96,0x00000d98,
0x00050080,0x00000015,0x00000d9b,0x00000d99,
0x000018c8,0x0003003e,0x00000b6c,0x0000034c,
0x00050041,0x00000007,0x00000d9c,0x00000b6c,
0x00000d9b,0x0004003d,0x00000006,0x00000d9d,
0x00000d9c,0x0004007c,0x00000015,0x00000d9e,
0x00000d9d,0x000200f9,0x00000d9f,0x000200f8,
0x00000d9f,0x000700f5,0x00000015,0x000018fd,
0x00000d93,0x00000d89,0x00000d9e,0x00000d94,
0x000200f9,0x00000da1,0x000200f8,0x00000da1,
0x000700f5,0x00000015,0x000018fe,0x00000d85,
0x00000d80,0x000018fd,0x00000d9f,0x000500c7,
0x00000015,0x00000da4,0x000018fe,0x000000f2,
0x00050084,0x00000015,0x00000da6,0x000018c7,
0x000001be,0x00050080,0x00000015,0x00000da8,
0x00000da6,0x000018c8,0x00050041,0x00000016,
0x00000da9,0x00000b64,0x00000da8,0x0004003d,
0x00000015,0x00000daa,0x00000da9,0x000500aa,
0x000000b4,0x00000dac,0x000018c3,0x000000d3,
0x000300f7,0x00000dbe,0x00000000,0x000400fa,
0x00000dac,0x00000dad,0x00000db1,0x000200f8,
0x00000dad,0x0003003e,0x00000b71,0x000003cc,
0x00050041,0x00000016,0x00000daf,0x00000b71,
0x00000daa,0x0004003d,0x00000015,0x00000db0,
0x00000daf,0x000200f9,0x00000dbe,0x000200f8,
0x00000db1,0x000500aa,0x000000b4,0x00000db3,
0x000018c3,0x000000f2,0x000300f7,0x00000dbc,
0x00000000,0x000400fa,0x00000db3,0x00000db4,
0x00000db8,0x000200f8,0x00000db4,0x0003003e,
0x00000b73,0x000003de,0x00050041,0x00000016,
0x00000db6,0x00000b73,0x00000daa,0x0004003d,
0x00000015,0x00000db7,0x00000db6,0x000200f9,
0x00000dbc,0x000200f8,0x00000db8,0x0003003e,
0x00000b74,0x000003ed,0x00050041,0x00000016,
0x00000dba,0x00000b74,0x00000daa,0x0004003d,
0x00000015,0x00000dbb,0x00000dba,0x000200f9,
0x00000dbc,0x000200f8,0x00000dbc,0x000700f5,
0x00000015,0x00001903,0x00000db7,0x00000db4,
0x00000dbb,0x00000db8,0x000200f9,0x00000dbe,
0x000200f8,0x00000dbe,0x000700f5,0x00000015,
0x00001904,0x00000db0,0x00000dad,0x00001903,
0x00000dbc,0x000500aa,0x000000b4,0x00000dc1,
0x000018c5,0x0000004e,0x000300f7,0x00000e68,
0x00000000,0x000400fa,0x00000dc1,0x00000dc2,
0x00000def,0x000200f8,0x00000dc2,0x00050084,
0x00000015,0x00000dc4,0x00000da4,0x000000d3,
0x00050080,0x00000015,0x00000dc7,0x00000dc4,
0x000000a8,0x00060041,0x00000016,0x00000dc8,
0x00000b3d,0x00000dc4,0x0000004e,0x0004003d,
0x00000015,0x00000dc9,0x00000dc8,0x00060041,
0x00000016,0x00000dca,0x00000b3d,0x00000dc7,
0x0000004e,0x0004003d,0x00000015,0x00000dcb,
0x00000dca,0x00050082,0x00000015,0x00000ff4,
0x00000158,0x00001904,0x00050084,0x00000015,
0x00000ff5,0x00000dc9,0x00000ff4,0x00050084,
0x00000015,0x00000ff8,0x00000dcb,0x00001904,
0x00050080,0x00000015,0x00000ff9,0x00000ff5,
0x00000ff8,0x00050080,0x00000015,0x00000ffa,
0x00000ff9,0x00000160,0x000500c3,0x00000015,
0x00000ffb,0x00000ffa,0x00000162,0x00060041,
0x00000016,0x00000dd3,0x00000b3d,0x00000dc4,
0x000000a8,0x0004003d,0x00000015,0x00000dd4,
0x00000dd3,0x00060041,0x00000016,0x00000dd5,
0x00000b3d,0x00000dc7,0x000000a8,0x0004003d,
0x00000015,0x00000dd6,0x00000dd5,0x00050084,
0x00000015,0x00001001,0x00000dd4,0x00000ff4,
0x00050084,0x00000015,0x00001004,0x00000dd6,
0x00001904,0x00050080,0x00000015,0x00001005,
0x00001001,0x00001004,0x00050080,0x00000015,
0x00001006,0x00001005,0x00000160,0x000500c3,
0x00000015,0x00001007,0x00001006,0x00000162,
0x00060041,0x00000016,0x00000dde,0x00000b3d,
0x00000dc4,0x000000d3,0x0004003d,0x00000015,
0x00000ddf,0x00000dde,0x00060041,0x00000016,
0x00000de0,0x00000b3d,0x00000dc7,0x000000d3,
0x0004003d,0x00000015,0x00000de1,0x00000de0,
0x00050084,0x00000015,0x0000100d,0x00000ddf,
0x00000ff4,0x00050084,0x00000015,0x00001010,
0x00000de1,0x00001904,0x00050080,0x00000015,
0x00001011,0x0000100d,0x00001010,0x00050080,
0x00000015,0x00001012,0x00001011,0x00000160,
0x000500c3,0x00000015,0x00001013,0x00001012,
0x00000162,0x00060041,0x00000016,0x00000de9,
0x00000b3d,0x00000dc4,0x000000f2,0x0004003d,
0x00000015,0x00000dea,0x00000de9,0x00060041,
0x00000016,0x00000deb,0x00000b3d,0x00000dc7,
0x000000f2,0x0004003d,0x00000015,0x00000dec,
0x00000deb,0x00050084,0x00000015,0x00001019,
0x00000dea,0x00000ff4,0x00050084,0x00000015,
0x0000101c,0x00000dec,0x00001904,0x00050080,
0x00000015,0x0000101d,0x00001019,0x0000101c,
0x00050080,0x00000015,0x0000101e,0x0000101d,
0x00000160,0x000500c3,0x00000015,0x0000101f,
0x0000101e,0x00000162,0x000200f9,0x00000e68,
0x000200f8,0x00000def,0x000500c5,0x00000015,
0x00000df2,0x000018c7,0x000018c8,0x000500ab,
0x000000b4,0x00000df3,0x00000df2,0x0000004e,
0x000300f7,0x00000dfb,0x00000000,0x000400fa,
0x00000df3,0x00000df4,0x00000df7,0x000200f8,
0x00000df4,0x0004007c,0x00000006,0x00000df6,
0x000018c5,0x000200f9,0x00000dfb,0x000200f8,
0x00000df7,0x00050082,0x00000015,0x00000df9,
0x000018c5,0x000000a8,0x0004007c,0x00000006,
0x00000dfa,0x00000df9,0x000200f9,0x00000dfb,
0x000200f8,0x00000dfb,0x000700f5,0x00000006,
0x00001909,0x00000df6,0x00000df4,0x00000dfa,
0x00000df7,0x000200f9,0x00001025,0x000200f8,
0x00001025,0x000700f5,0x00000006,0x0000191d,
0x0000011c,0x00000dfb,0x00001039,0x0000102a,
0x000700f5,0x00000006,0x0000190a,0x0000011c,
0x00000dfb,0x0000103c,0x0000102a,0x000500b0,
0x000000b4,0x00001029,0x0000190a,0x00001909,
0x000400f6,0x0000103d,0x0000102a,0x00000000,
0x000400fa,0x00001029,0x0000102a,0x0000103d,
0x000200f8,0x0000102a,0x00050080,0x00000006,
0x0000102d,0x0000190f,0x0000190a,0x000500c2,
0x00000006,0x0000102f,0x0000102d,0x00000068,
0x00050041,0x00000007,0x00001030,0x00000142,
0x0000102f,0x0004003d,0x00000006,0x00001031,
0x00001030,0x000500c7,0x00000006,0x00001033,
0x0000102d,0x00000064,0x000500c2,0x00000006,
0x00001034,0x00001031,0x00001033,0x000500c7,
0x00000006,0x00001035,0x00001034,0x00000055,
0x000500c4,0x00000006,0x00001037,0x00001035,
0x0000190a,0x000500c5,0x00000006,0x00001039,
0x0000191d,0x00001037,0x00050080,0x00000006,
0x0000103c,0x0000190a,0x000000a8,0x000200f9,
0x00001025,0x000200f8,0x0000103d,0x00050080,
0x00000006,0x00001040,0x0000190f,0x00001909,
0x0004007c,0x00000015,0x00000dfe,0x0000191d,
0x000500aa,0x000000b4,0x00000e00,0x000018c5,
0x000000d3,0x000300f7,0x00000e09,0x00000000,
0x000400fa,0x00000e00,0x00000e01,0x00000e05,
0x000200f8,0x00000e01,0x0003003e,0x00000b8a,
0x000003cc,0x00050041,0x00000016,0x00000e03,
0x00000b8a,0x00000dfe,0x0004003d,0x00000015,
0x00000e04,0x00000e03,0x000200f9,0x00000e09,
0x000200f8,0x00000e05,0x0003003e,0x00000b8b,
0x000003de,0x00050041,0x00000016,0x00000e07,
0x00000b8b,0x00000dfe,0x0004003d,0x00000015,
0x00000e08,0x00000e07,0x000200f9,0x00000e09,
0x000200f8,0x00000e09,0x000700f5,0x00000015,
0x0000191e,0x00000e04,0x00000e01,0x00000e08,
0x00000e05,0x000500aa,0x000000b4,0x00000e0c,
0x0000192e,0x0000004e,0x000300f7,0x00000e67,
0x00000000,0x000400fa,0x00000e0c,0x00000e0d,
0x00000e3a,0x000200f8,0x00000e0d,0x00050084,
0x00000015,0x00000e0f,0x00000da4,0x000000d3,
0x00050080,0x00000015,0x00000e12,0x00000e0f,
0x000000a8,0x00060041,0x00000016,0x00000e13,
0x00000b3d,0x00000e0f,0x0000004e,0x0004003d,
0x00000015,0x00000e14,0x00000e13,0x00060041,
0x00000016,0x00000e15,0x00000b3d,0x00000e12,
0x0000004e,0x0004003d,0x00000015,0x00000e16,
0x00000e15,0x00050082,0x00000015,0x00001046,
0x00000158,0x00001904,0x00050084,0x00000015,
0x00001047,0x00000e14,0x00001046,0x00050084,
0x00000015,0x0000104a,0x00000e16,0x00001904,
0x00050080,0x00000015,0x0000104b,0x00001047,
0x0000104a,0x00050080,0x00000015,0x0000104c,
0x0000104b,0x00000160,0x000500c3,0x00000015,
0x0000104d,0x0000104c,0x00000162,0x00060041,
0x00000016,0x00000e1e,0x00000b3d,0x00000e0f,
0x000000a8,0x0004003d,0x00000015,0x00000e1f,
0x00000e1e,0x00060041,0x00000016,0x00000e20,
0x00000b3d,0x00000e12,0x000000a8,0x0004003d,
0x00000015,0x00000e21,0x00000e20,0x00050084,
0x00000015,0x00001053,0x00000e1f,0x00001046,
0x00050084,0x00000015,0x00001056,0x00000e21,
0x00001904,0x00050080,0x00000015,0x00001057,
0x00001053,0x00001056,0x00050080,0x00000015,
0x00001058,0x00001057,0x00000160,0x000500c3,
0x00000015,0x00001059,0x00001058,0x00000162,
0x00060041,0x00000016,0x00000e29,0x00000b3d,
0x00000e0f,0x000000d3,0x0004003d,0x00000015,
0x00000e2a,0x00000e29,0x00060041,0x00000016,
0x00000e2b,0x00000b3d,0x00000e12,0x000000d3,
0x0004003d,0x00000015,0x00000e2c,0x00000e2b,
0x00050084,0x00000015,0x0000105f,0x00000e2a,
0x00001046,0x00050084,0x00000015,0x00001062,
0x00000e2c,0x00001904,0x00050080,0x00000015,
0x00001063,0x0000105f,0x00001062,0x00050080,
0x00000015,0x00001064,0x00001063,0x00000160,
0x000500c3,0x00000015,0x00001065,0x00001064,
0x00000162,0x00060041,0x00000016,0x00000e34,
0x00000b3d,0x00000e0f,0x000000f2,0x0004003d,
0x00000015,0x00000e35,0x00000e34,0x00060041,
0x00000016,0x00000e36,0x00000b3d,0x00000e12,
0x000000f2,0x0004003d,0x00000015,0x00000e37,
0x00000e36,0x00050082,0x00000015,0x0000106a,
0x00000158,0x0000191e,0x00050084,0x00000015,
0x0000106b,0x00000e35,0x0000106a,0x00050084,
0x00000015,0x0000106e,0x00000e37,0x0000191e,
0x00050080,0x00000015,0x0000106f,0x0000106b,
0x0000106e,0x00050080,0x00000015,0x00001070,
0x0000106f,0x00000160,0x000500c3,0x00000015,
0x00001071,0x00001070,0x00000162,0x000200f9,
0x00000e67,0x000200f8,0x00000e3a,0x00050084,
0x00000015,0x00000e3c,0x00000da4,0x000000d3,
0x00050080,0x00000015,0x00000e3f,0x00000e3c,
0x000000a8,0x00060041,0x00000016,0x00000e40,
0x00000b3d,0x00000e3c,0x0000004e,0x0004003d,
0x00000015,0x00000e41,0x00000e40,0x00060041,
0x00000016,0x00000e42,0x00000b3d,0x00000e3f,
0x0000004e,0x0004003d,0x00000015,0x00000e43,
0x00000e42,0x00050082,0x00000015,0x00001076,
0x00000158,0x0000191e,0x00050084,0x00000015,
0x00001077,0x00000e41,0x00001076,0x00050084,
0x00000015,0x0000107a,0x00000e43,0x0000191e,
0x00050080,0x00000015,0x0000107b,0x00001077,
0x0000107a,0x00050080,0x00000015,0x0000107c,
0x0000107b,0x00000160,0x000500c3,0x00000015,
0x0000107d,0x0000107c,0x00000162,0x00060041,
0x00000016,0x00000e4b,0x00000b3d,0x00000e3c,
0x000000a8,0x0004003d,0x00000015,0x00000e4c,
0x00000e4b,0x00060041,0x00000016,0x00000e4d,
0x00000b3d,0x00000e3f,0x000000a8,0x0004003d,
0x00000015,0x00000e4e,0x00000e4d,0x00050084,
0x00000015,0x00001083,0x00000e4c,0x00001076,
0x00050084,0x00000015,0x00001086,0x00000e4e,
0x0000191e,0x00050080,0x00000015,0x00001087,
0x00001083,0x00001086,0x00050080,0x00000015,
0x00001088,0x00001087,0x00000160,0x000500c3,
0x00000015,0x00001089,0x00001088,0x00000162,
0x00060041,0x00000016,0x00000e56,0x00000b3d,
0x00000e3c,0x000000d3,0x0004003d,0x00000015,
0x00000e57,0x00000e56,0x00060041,0x00000016,
0x00000e58,0x00000b3d,0x00000e3f,0x000000d3,
0x0004003d,0x00000015,0x00000e59,0x00000e58,
0x00050084,0x00000015,0x0000108f,0x00000e57,
0x00001076,0x00050084,0x00000015,0x00001092,
0x00000e59,0x0000191e,0x00050080,0x00000015,
0x00001093,0x0000108f,0x00001092,0x00050080,
0x00000015,0x00001094,0x00001093,0x00000160,
0x000500c3,0x00000015,0x00001095,0x00001094,
0x00000162,0x00060041,0x00000016,0x00000e61,
0x00000b3d,0x00000e3c,0x000000f2,0x0004003d,
0x00000015,0x00000e62,0x00000e61,0x00060041,
0x00000016,0x00000e63,0x00000b3d,0x00000e3f,
0x000000f2,0x0004003d,0x00000015,0x00000e64,
0x00000e63,0x00050082,0x00000015,0x0000109a,
0x00000158,0x00001904,0x00050084,0x00000015,
0x0000109b,0x00000e62,0x0000109a,0x00050084,
0x00000015,0x0000109e,0x00000e64,0x00001904,
0x00050080,0x00000015,0x0000109f,0x0000109b,
0x0000109e,0x00050080,0x00000015,0x000010a0,
0x0000109f,0x00000160,0x000500c3,0x00000015,
0x000010a1,0x000010a0,0x00000162,0x000200f9,
0x00000e67,0x000200f8,0x00000e67,0x000700f5,
0x00000015,0x0000196a,0x0000104d,0x00000e0d,
0x0000107d,0x00000e3a,0x000700f5,0x00000015,
0x00001968,0x00001059,0x00000e0d,0x00001089,
0x00000e3a,0x000700f5,0x00000015,0x00001966,
0x00001065,0x00000e0d,0x00001095,0x00000e3a,
0x000700f5,0x00000015,0x00001964,0x00001071,
0x00000e0d,0x000010a1,0x00000e3a,0x000200f9,
0x00000e68,0x000200f8,0x00000e68,0x000700f5,
0x00000006,0x00001ab0,0x0000190f,0x00000dc2,
0x00001040,0x00000e67,0x000700f5,0x00000015,
0x00001969,0x00000ffb,0x00000dc2,0x0000196a,
0x00000e67,0x000700f5,0x00000015,0x00001967,
0x00001007,0x00000dc2,0x00001968,0x00000e67,
0x000700f5,0x00000015,0x00001965,0x00001013,
0x00000dc2,0x00001966,0x00000e67,0x000700f5,
0x00000015,0x00001963,0x0000101f,0x00000dc2,
0x00001964,0x00000e67,0x000500aa,0x000000b4,
0x00000e6a,0x0000194d,0x000000a8,0x000300f7,
0x00000e7f,0x00000000,0x000400fa,0x00000e6a,
0x00000e6b,0x00000e6f,0x000200f8,0x00000e6b,
0x000200f9,0x00000e7f,0x000200f8,0x00000e6f,
0x000500aa,0x000000b4,0x00000e71,0x0000194d,
0x000000d3,0x000300f7,0x00000e7e,0x00000000,
0x000400fa,0x00000e71,0x00000e72,0x00000e76,
0x000200f8,0x00000e72,0x000200f9,0x00000e7e,
0x000200f8,0x00000e76,0x000500aa,0x000000b4,
0x00000e78,0x0000194d,0x000000f2,0x000600a9,
0x00000015,0x00001b42,0x00000e78,0x00001965,
0x00001963,0x000600a9,0x00000015,0x00001b43,
0x00000e78,0x00001963,0x00001965,0x000200f9,
0x00000e7e,0x000200f8,0x00000e7e,0x000700f5,
0x00000015,0x00001985,0x00001967,0x00000e72,
0x00001b42,0x00000e76,0x000700f5,0x00000015,
0x00001982,0x00001965,0x00000e72,0x00001b43,
0x00000e76,0x000600a9,0x00000015,0x00001b44,
0x00000e71,0x00001963,0x00001967,0x000200f9,
0x00000e7f,0x000200f8,0x00000e7f,0x000700f5,
0x00000015,0x00001984,0x00001969,0x00000e6b,
0x00001985,0x00000e7e,0x000700f5,0x00000015,
0x00001981,0x00001965,0x00000e6b,0x00001982,
0x00000e7e,0x000700f5,0x00000015,0x0000197e,
0x00001967,0x00000e6b,0x00001b44,0x00000e7e,
0x000600a9,0x00000015,0x00001b45,0x00000e6a,
0x00001963,0x00001969,0x0004007c,0x00000006,
0x00000e85,0x00001b45,0x0004007c,0x00000006,
0x00000e87,0x0000197e,0x000500c4,0x00000006,
0x00000e88,0x00000e87,0x0000002d,0x000500c5,
0x00000006,0x00000e89,0x00000e85,0x00000e88,
0x0004007c,0x00000006,0x00000e8b,0x00001981,
0x000500c4,0x00000006,0x00000e8c,0x00000e8b,
0x0000003a,0x000500c5,0x00000006,0x00000e8d,
0x00000e89,0x00000e8c,0x0004007c,0x00000006,
0x00000e8f,0x00001984,0x000500c4,0x00000006,
0x00000e90,0x00000e8f,0x000004f6,0x000500c5,
0x00000006,0x00000e91,0x00000e8d,0x00000e90,
0x00050041,0x00000007,0x00000e92,0x0000003d,
0x00000da8,0x0003003e,0x00000e92,0x00000e91,
0x000200f9,0x00000e93,0x000200f8,0x00000e93,
0x00050080,0x00000015,0x00000e95,0x000018c8,
0x000000a8,0x000200f9,0x00000d79,0x000200f8,
0x00000e96,0x000200f9,0x00000e97,0x000200f8,
0x00000e97,0x00050080,0x00000015,0x00000e99,
0x000018c7,0x000000a8,0x000200f9,0x00000d74,
0x000200f8,0x00000e9a,0x000200f9,0x00000e9b,
0x000200f8,0x00000e9b,0x000200f9,0x00000a2f,
0x000200f8,0x00000a2f,0x00050041,0x00000a0b,
0x00000a37,0x00000a0a,0x000001c1,0x0004003d,
0x00000006,0x00000a38,0x00000a37,0x000500ab,
0x000000b4,0x00000a39,0x00000a38,0x0000011c,
0x000300f7,0x00000a3b,0x00000000,0x000400fa,
0x00000a39,0x00000a3a,0x00000a3d,0x000200f8,
0x00000a3a,0x00050041,0x00000007,0x0000110a,
0x00000513,0x0000004e,0x0003003e,0x0000110a,
0x0000011c,0x00050041,0x00000007,0x0000110b,
0x00000513,0x000000a8,0x0003003e,0x0000110b,
0x0000011c,0x00050041,0x00000007,0x0000110c,
0x00000513,0x000000d3,0x0003003e,0x0000110c,
0x0000011c,0x00050041,0x00000007,0x0000110d,
0x00000513,0x000000f2,0x0003003e,0x0000110d,
0x0000011c,0x000200f9,0x00001288,0x000200f8,
0x00001288,0x000700f5,0x00000015,0x000019eb,
0x0000004e,0x00000a3a,0x000012a5,0x000012a3,
0x000500b1,0x000000b4,0x0000128c,0x000019eb,
0x000005d7,0x000400f6,0x000012a6,0x000012a3,
0x00000000,0x000400fa,0x0000128c,0x0000128d,
0x000012a6,0x000200f8,0x0000128d,0x0004007c,
0x00000006,0x00001290,0x000019eb,0x000500c4,
0x00000006,0x00001291,0x00000055,0x00001290,
0x000500c7,0x00000006,0x00001292,0x00000818,
0x00001291,0x000500ab,0x000000b4,0x00001293,
0x00001292,0x0000011c,0x000300f7,0x000012a2,
0x00000000,0x000400fa,0x00001293,0x00001294,
0x000012a2,0x000200f8,0x00001294,0x000500c3,
0x00000015,0x00001299,0x000019eb,0x000001c1,
0x000500c7,0x00000015,0x0000129b,0x000019eb,
0x00000517,0x0004007c,0x00000006,0x0000129c,
0x0000129b,0x000500c4,0x00000006,0x0000129d,
0x00000055,0x0000129c,0x00050041,0x00000007,
0x0000129e,0x00000513,0x00001299,0x0004003d,
0x00000006,0x0000129f,0x0000129e,0x000500c5,
0x00000006,0x000012a0,0x0000129f,0x0000129d,
0x0003003e,0x0000129e,0x000012a0,0x000200f9,
0x000012a2,0x000200f8,0x000012a2,0x000200f9,
0x000012a3,0x000200f8,0x000012a3,0x00050080,
0x00000015,0x000012a5,0x000019eb,0x000000a8,
0x000200f9,0x00001288,0x000200f8,0x000012a6,
0x000200f9,0x000012aa,0x000200f8,0x000012aa,
0x000700f5,0x00000015,0x000019ec,0x0000004e,
0x000012a6,0x000012c7,0x000012c5,0x000500b1,
0x000000b4,0x000012ae,0x000019ec,0x000001be,
0x000400f6,0x000012c8,0x000012c5,0x00000000,
0x000400fa,0x000012ae,0x000012af,0x000012c8,
0x000200f8,0x000012af,0x0004007c,0x00000006,
0x000012b2,0x000019ec,0x000500c4,0x00000006,
0x000012b3,0x00000055,0x000012b2,0x000500c7,
0x00000006,0x000012b4,0x00000688,0x000012b3,
0x000500ab,0x000000b4,0x000012b5,0x000012b4,
0x0000011c,0x000300f7,0x000012c4,0x00000000,
0x000400fa,0x000012b5,0x000012b6,0x000012c4,
0x000200f8,0x000012b6,0x00050080,0x00000015,
0x000012b9,0x000003e4,0x000019ec,0x000500c3,
0x00000015,0x000012bb,0x000012b9,0x000001c1,
0x000500c7,0x00000015,0x000012bd,0x000012b9,
0x00000517,0x0004007c,0x00000006,0x000012be,
0x000012bd,0x000500c4,0x00000006,0x000012bf,
0x00000055,0x000012be,0x00050041,0x00000007,
0x000012c0,0x00000513,0x000012bb,0x0004003d,
0x00000006,0x000012c1,0x000012c0,0x000500c5,
0x00000006,0x000012c2,0x000012c1,0x000012bf,
0x0003003e,0x000012c0,0x000012c2,0x000200f9,
0x000012c4,0x000200f8,0x000012c4,0x000200f9,
0x000012c5,0x000200f8,0x000012c5,0x00050080,
0x00000015,0x000012c7,0x000019ec,0x000000a8,
0x000200f9,0x000012aa,0x000200f8,0x000012c8,
0x000200f9,0x00001110,0x000200f8,0x00001110,
0x000700f5,0x00000015,0x000019ef,0x0000004e,
0x000012c8,0x00001af5,0x00001141,0x000700f5,
0x00000015,0x000019ee,0x0000004e,0x000012c8,
0x00001af2,0x00001141,0x000700f5,0x00000015,
0x000019ed,0x0000004e,0x000012c8,0x00001116,
0x00001141,0x000700f5,0x00000015,0x00001a82,
0x00000544,0x000012c8,0x00001a81,0x00001141,
0x000500b1,0x000000b4,0x00001113,0x000019ed,
0x0000033f,0x000400f6,0x00001144,0x00001141,
0x00000000,0x000400fa,0x00001113,0x00001114,
0x00001144,0x000200f8,0x00001114,0x00050080,
0x00000015,0x00001116,0x000019ed,0x000000a8,
0x000200f9,0x00001117,0x000200f8,0x00001117,
0x000700f5,0x00000015,0x00001a81,0x00001a82,
0x00001114,0x00001b46,0x0000113d,0x000700f5,
0x00000015,0x00001a7c,0x00001116,0x00001114,
0x0000113f,0x0000113d,0x000700f5,0x00000015,
0x00001af5,0x000019ef,0x00001114,0x00001b47,
0x0000113d,0x000700f5,0x00000015,0x00001af2,
0x000019ee,0x00001114,0x00001b48,0x0000113d,
0x000500b1,0x000000b4,0x0000111a,0x00001a7c,
0x0000033f,0x000400f6,0x00001140,0x0000113d,
0x00000000,0x000400fa,0x0000111a,0x0000111b,
0x00001140,0x000200f8,0x0000111b,0x000200f9,
0x0000111c,0x000200f8,0x0000111c,0x000700f5,
0x00000015,0x00001a7f,0x0000004e,0x0000111b,
0x00001130,0x00001120,0x000700f5,0x00000006,
0x00001a7e,0x0000011c,0x0000111b,0x00001133,
0x00001120,0x000500b0,0x000000b4,0x0000111f,
0x00001a7e,0x0000012b,0x000400f6,0x00001134,
0x00001120,0x00000000,0x000400fa,0x0000111f,
0x00001120,0x00001134,0x000200f8,0x00001120,
0x0004007c,0x00000006,0x00001122,0x000019ed,
0x00050041,0x00000007,0x000012cc,0x0000003d,
0x00001122,0x0004003d,0x00000006,0x000012cd,
0x000012cc,0x00050084,0x00000006,0x000012cf,
0x00001a7e,0x0000002d,0x000500c2,0x00000006,
0x000012d0,0x000012cd,0x000012cf,0x000500c7,
0x00000006,0x000012d1,0x000012d0,0x00000045,
0x0004007c,0x00000015,0x00001125,0x000012d1,
0x0004007c,0x00000006,0x00001127,0x00001a7c,
0x00050041,0x00000007,0x000012d5,0x0000003d,
0x00001127,0x0004003d,0x00000006,0x000012d6,
0x000012d5,0x000500c2,0x00000006,0x000012d9,
0x000012d6,0x000012cf,0x000500c7,0x00000006,
0x000012da,0x000012d9,0x00000045,0x0004007c,
0x00000015,0x0000112a,0x000012da,0x00050082,
0x00000015,0x0000112b,0x00001125,0x0000112a,
0x00050084,0x00000015,0x0000112e,0x0000112b,
0x0000112b,0x00050080,0x00000015,0x00001130,
0x00001a7f,0x0000112e,0x00050080,0x00000006,
0x00001133,0x00001a7e,0x000000a8,0x000200f9,
0x0000111c,0x000200f8,0x00001134,0x000500ad,
0x000000b4,0x00001137,0x00001a7f,0x00001a81,
0x000600a9,0x00000015,0x00001b46,0x00001137,
0x00001a7f,0x00001a81,0x000600a9,0x00000015,
0x00001b47,0x00001137,0x00001a7c,0x00001af5,
0x000600a9,0x00000015,0x00001b48,0x00001137,
0x000019ed,0x00001af2,0x000200f9,0x0000113d,
0x000200f8,0x0000113d,0x00050080,0x00000015,
0x0000113f,0x00001a7c,0x000000a8,0x000200f9,
0x00001117,0x000200f8,0x00001140,0x000200f9,
0x00001141,0x000200f8,0x00001141,0x000200f9,
0x00001110,0x000200f8,0x00001144,0x0004007c,
0x00000006,0x00001146,0x000019ee,0x00050041,
0x00000007,0x000012de,0x0000003d,0x00001146,
0x0004003d,0x00000006,0x000012df,0x000012de,
0x000500c2,0x00000006,0x000012e2,0x000012df,
0x0000011c,0x000500c7,0x00000006,0x000012e3,
0x000012e2,0x00000045,0x0004003d,0x00000006,
0x000012e8,0x000012de,0x000500c2,0x00000006,
0x000012eb,0x000012e8,0x0000002d,0x000500c7,
0x00000006,0x000012ec,0x000012eb,0x00000045,
0x00050080,0x00000006,0x0000114b,0x000012e3,
0x000012ec,0x0004003d,0x00000006,0x000012f1,
0x000012de,0x000500c2,0x00000006,0x000012f4,
0x000012f1,0x0000003a,0x000500c7,0x00000006,
0x000012f5,0x000012f4,0x00000045,0x00050080,
0x00000006,0x0000114f,0x0000114b,0x000012f5,
0x0004007c,0x00000015,0x00001150,0x0000114f,
0x0004007c,0x00000006,0x00001152,0x000019ef,
0x00050041,0x00000007,0x000012f9,0x0000003d,
0x00001152,0x0004003d,0x00000006,0x000012fa,
0x000012f9,0x000500c2,0x00000006,0x000012fd,
0x000012fa,0x0000011c,0x000500c7,0x00000006,
0x000012fe,0x000012fd,0x00000045,0x0004003d,
0x00000006,0x00001303,0x000012f9,0x000500c2,
0x00000006,0x00001306,0x00001303,0x0000002d,
0x000500c7,0x00000006,0x00001307,0x00001306,
0x00000045,0x00050080,0x00000006,0x00001157,
0x000012fe,0x00001307,0x0004003d,0x00000006,
0x0000130c,0x000012f9,0x000500c2,0x00000006,
0x0000130f,0x0000130c,0x0000003a,0x000500c7,
0x00000006,0x00001310,0x0000130f,0x00000045,
0x00050080,0x00000006,0x0000115b,0x00001157,
0x00001310,0x0004007c,0x00000015,0x0000115c,
0x0000115b,0x000500af,0x000000b4,0x0000115f,
0x0000115c,0x00001150,0x000600a9,0x00000015,
0x00001162,0x0000115f,0x000019ee,0x000019ef,
0x000600a9,0x00000015,0x00001168,0x0000115f,
0x000019ef,0x000019ee,0x000200f9,0x00001169,
0x000200f8,0x00001169,0x000700f5,0x00000015,
0x000019f2,0x0000004e,0x00001144,0x00001b4a,
0x0000116d,0x000700f5,0x00000015,0x000019f1,
0x000002f9,0x00001144,0x00001b49,0x0000116d,
0x000700f5,0x00000015,0x000019f0,0x0000004e,
0x00001144,0x00001180,0x0000116d,0x000500b1,
0x000000b4,0x0000116c,0x000019f0,0x0000033f,
0x000400f6,0x00001181,0x0000116d,0x00000000,
0x000400fa,0x0000116c,0x0000116d,0x00001181,
0x000200f8,0x0000116d,0x0004007c,0x00000006,
0x0000116f,0x000019f0,0x00050041,0x00000007,
0x00001314,0x0000003d,0x0000116f,0x0004003d,
0x00000006,0x00001315,0x00001314,0x000500c2,
0x00000006,0x00001318,0x00001315,0x000004f6,
0x000500c7,0x00000006,0x00001319,0x00001318,
0x00000045,0x0004007c,0x00000015,0x00001171,
0x00001319,0x000500b1,0x000000b4,0x00001174,
0x00001171,0x000019f1,0x000600a9,0x00000015,
0x00001b49,0x00001174,0x00001171,0x000019f1,
0x000500ad,0x000000b4,0x0000117a,0x00001171,
0x000019f2,0x000600a9,0x00000015,0x00001b4a,
0x0000117a,0x00001171,0x000019f2,0x00050080,
0x00000015,0x00001180,0x000019f0,0x000000a8,
0x000200f9,0x00001169,0x000200f8,0x00001181,
0x0004007c,0x00000006,0x00001183,0x00001162,
0x00050041,0x00000007,0x0000131d,0x0000003d,
0x00001183,0x0004003d,0x00000006,0x0000131e,
0x0000131d,0x000500c2,0x00000006,0x00001321,
0x0000131e,0x0000011c,0x000500c7,0x00000006,
0x00001322,0x00001321,0x00000045,0x0004007c,
0x00000015,0x00001185,0x00001322,0x0004003d,
0x00000006,0x00001327,0x0000131d,0x000500c2,
0x00000006,0x0000132a,0x00001327,0x0000002d,
0x000500c7,0x00000006,0x0000132b,0x0000132a,
0x00000045,0x0004007c,0x00000015,0x00001189,
0x0000132b,0x0004003d,0x00000006,0x00001330,
0x0000131d,0x000500c2,0x00000006,0x00001333,
0x00001330,0x0000003a,0x000500c7,0x00000006,
0x00001334,0x00001333,0x00000045,0x0004007c,
0x00000015,0x0000118d,0x00001334,0x00070050,
0x000001e1,0x0000118f,0x00001185,0x00001189,
0x0000118d,0x000019f1,0x0003003e,0x000010ca,
0x0000118f,0x0004007c,0x00000006,0x00001191,
0x00001168,0x00050041,0x00000007,0x00001338,
0x0000003d,0x00001191,0x0004003d,0x00000006,
0x00001339,0x00001338,0x000500c2,0x00000006,
0x0000133c,0x00001339,0x0000011c,0x000500c7,
0x00000006,0x0000133d,0x0000133c,0x00000045,
0x0004007c,0x00000015,0x00001193,0x0000133d,
0x0004003d,0x00000006,0x00001342,0x00001338,
0x000500c2,0x00000006,0x00001345,0x00001342,
0x0000002d,0x000500c7,0x00000006,0x00001346,
0x00001345,0x00000045,0x0004007c,0x00000015,
0x00001197,0x00001346,0x0004003d,0x00000006,
0x0000134b,0x00001338,0x000500c2,0x00000006,
0x0000134e,0x0000134b,0x0000003a,0x000500c7,
0x00000006,0x0000134f,0x0000134e,0x00000045,
0x0004007c,0x00000015,0x0000119b,0x0000134f,
0x00070050,0x000001e1,0x0000119d,0x00001193,
0x00001197,0x0000119b,0x000019f2,0x0003003e,
0x000010d1,0x0000119d,0x00050041,0x00000016,
0x0000119e,0x000010ca,0x0000004e,0x0004003d,
0x00000015,0x0000119f,0x0000119e,0x000500b1,
0x000000b4,0x00001354,0x0000119f,0x0000004e,
0x000600a9,0x00000015,0x00001b4b,0x00001354,
0x0000004e,0x0000119f,0x000500ad,0x000000b4,
0x00001358,0x00001b4b,0x000002f9,0x000600a9,
0x00000015,0x00001b4c,0x00001358,0x000002f9,
0x00001b4b,0x0003003e,0x00001350,0x0000080b,
0x00050041,0x00000007,0x0000135c,0x00001350,
0x00001b4c,0x0004003d,0x00000006,0x0000135d,
0x0000135c,0x0004007c,0x00000015,0x0000135e,
0x0000135d,0x00050041,0x00000016,0x000011a1,
0x000010d1,0x0000004e,0x0004003d,0x00000015,
0x000011a2,0x000011a1,0x000500b1,0x000000b4,
0x00001363,0x000011a2,0x0000004e,0x000600a9,
0x00000015,0x00001b4d,0x00001363,0x0000004e,
0x000011a2,0x000500ad,0x000000b4,0x00001367,
0x00001b4d,0x000002f9,0x000600a9,0x00000015,
0x00001b4e,0x00001367,0x000002f9,0x00001b4d,
0x0003003e,0x0000135f,0x0000080b,0x00050041,
0x00000007,0x0000136b,0x0000135f,0x00001b4e,
0x0004003d,0x00000006,0x0000136c,0x0000136b,
0x0004007c,0x00000015,0x0000136d,0x0000136c,
0x00050041,0x00000016,0x000011a4,0x000010ca,
0x000000a8,0x0004003d,0x00000015,0x000011a5,
0x000011a4,0x000500b1,0x000000b4,0x00001372,
0x000011a5,0x0000004e,0x000600a9,0x00000015,
0x00001b4f,0x00001372,0x0000004e,0x000011a5,
0x000500ad,0x000000b4,0x00001376,0x00001b4f,
0x000002f9,0x000600a9,0x00000015,0x00001b50,
0x00001376,0x000002f9,0x00001b4f,0x0003003e,
0x0000136e,0x0000080b,0x00050041,0x00000007,
0x0000137a,0x0000136e,0x00001b50,0x0004003d,
0x00000006,0x0000137b,0x0000137a,0x0004007c,
0x00000015,0x0000137c,0x0000137b,0x00050041,
0x00000016,0x000011a7,0x000010d1,0x000000a8,
0x0004003d,0x00000015,0x000011a8,0x000011a7,
0x000500b1,0x000000b4,0x00001381,0x000011a8,
0x0000004e,0x000600a9,0x00000015,0x00001b51,
0x00001381,0x0000004e,0x000011a8,0x000500ad,
0x000000b4,0x00001385,0x00001b51,0x000002f9,
0x000600a9,0x00000015,0x00001b52,0x00001385,
0x000002f9,0x00001b51,0x0003003e,0x0000137d,
0x0000080b,0x00050041,0x00000007,0x00001389,
0x0000137d,0x00001b52,0x0004003d,0x00000006,
0x0000138a,0x00001389,0x0004007c,0x00000015,
0x0000138b,0x0000138a,0x00050041,0x00000016,
0x000011aa,0x000010ca,0x000000d3,0x0004003d,
0x00000015,0x000011ab,0x000011aa,0x000500b1,
0x000000b4,0x00001390,0x000011ab,0x0000004e,
0x000600a9,0x00000015,0x00001b53,0x00001390,
0x0000004e,0x000011ab,0x000500ad,0x000000b4,
0x00001394,0x00001b53,0x000002f9,0x000600a9,
0x00000015,0x00001b54,0x00001394,0x000002f9,
0x00001b53,0x0003003e,0x0000138c,0x0000080b,
0x00050041,0x00000007,0x00001398,0x0000138c,
0x00001b54,0x0004003d,0x00000006,0x00001399,
0x00001398,0x0004007c,0x00000015,0x0000139a,
0x00001399,0x00050041,0x00000016,0x000011ad,
0x000010d1,0x000000d3,0x0004003d,0x00000015,
0x000011ae,0x000011ad,0x000500b1,0x000000b4,
0x0000139f,0x000011ae,0x0000004e,0x000600a9,
0x00000015,0x00001b55,0x0000139f,0x0000004e,
0x000011ae,0x000500ad,0x000000b4,0x000013a3,
0x00001b55,0x000002f9,0x000600a9,0x00000015,
0x00001b56,0x000013a3,0x000002f9,0x00001b55,
0x0003003e,0x0000139b,0x0000080b,0x00050041,
0x00000007,0x000013a7,0x0000139b,0x00001b56,
0x0004003d,0x00000006,0x000013a8,0x000013a7,
0x0004007c,0x00000015,0x000013a9,0x000013a8,
0x00050041,0x00000016,0x000011b0,0x000010ca,
0x000000f2,0x0004003d,0x00000015,0x000011b1,
0x000011b0,0x000500b1,0x000000b4,0x000013ae,
0x000011b1,0x0000004e,0x000600a9,0x00000015,
0x00001b57,0x000013ae,0x0000004e,0x000011b1,
0x000500ad,0x000000b4,0x000013b2,0x00001b57,
0x000002f9,0x000600a9,0x00000015,0x00001b58,
0x000013b2,0x000002f9,0x00001b57,0x0003003e,
0x000013aa,0x0000080b,0x00050041,0x00000007,
0x000013b6,0x000013aa,0x00001b58,0x0004003d,
0x00000006,0x000013b7,0x000013b6,0x0004007c,
0x00000015,0x000013b8,0x000013b7,0x00050041,
0x00000016,0x000011b3,0x000010d1,0x000000f2,
0x0004003d,0x00000015,0x000011b4,0x000011b3,
0x000500b1,0x000000b4,0x000013bd,0x000011b4,
0x0000004e,0x000600a9,0x00000015,0x00001b59,
0x000013bd,0x0000004e,0x000011b4,0x000500ad,
0x000000b4,0x000013c1,0x00001b59,0x000002f9,
0x000600a9,0x00000015,0x00001b5a,0x000013c1,
0x000002f9,0x00001b59,0x0003003e,0x000013b9,
0x0000080b,0x00050041,0x00000007,0x000013c5,
0x000013b9,0x00001b5a,0x0004003d,0x00000006,
0x000013c6,0x000013c5,0x0004007c,0x00000015,
0x000013c7,0x000013c6,0x000b0050,0x0000002e,
0x000011b6,0x0000135e,0x0000136d,0x0000137c,
0x0000138b,0x0000139a,0x000013a9,0x000013b8,
0x000013c7,0x0003003e,0x000010d8,0x000011b6,
0x00050041,0x00000016,0x000011b7,0x000010d8,
0x0000004e,0x0004003d,0x00000015,0x000011b8,
0x000011b7,0x0003003e,0x000010e2,0x00000905,
0x00050041,0x00000007,0x000011b9,0x000010e2,
0x000011b8,0x0004003d,0x00000006,0x000011ba,
0x000011b9,0x0004007c,0x00000015,0x000011bb,
0x000011ba,0x00050041,0x00000016,0x000011bc,
0x000010d8,0x000000d3,0x0004003d,0x00000015,
0x000011bd,0x000011bc,0x0003003e,0x000010e3,
0x00000905,0x00050041,0x00000007,0x000011be,
0x000010e3,0x000011bd,0x0004003d,0x00000006,
0x000011bf,0x000011be,0x0004007c,0x00000015,
0x000011c0,0x000011bf,0x00050080,0x00000015,
0x000011c1,0x000011bb,0x000011c0,0x00050041,
0x00000016,0x000011c2,0x000010d8,0x000001be,
0x0004003d,0x00000015,0x000011c3,0x000011c2,
0x0003003e,0x000010e4,0x00000905,0x00050041,
0x00000007,0x000011c4,0x000010e4,0x000011c3,
0x0004003d,0x00000006,0x000011c5,0x000011c4,
0x0004007c,0x00000015,0x000011c6,0x000011c5,
0x00050080,0x00000015,0x000011c7,0x000011c1,
0x000011c6,0x00050041,0x00000016,0x000011c8,
0x000010d8,0x000000a8,0x0004003d,0x00000015,
0x000011c9,0x000011c8,0x0003003e,0x000010e6,
0x00000905,0x00050041,0x00000007,0x000011ca,
0x000010e6,0x000011c9,0x0004003d,0x00000006,
0x000011cb,0x000011ca,0x0004007c,0x00000015,
0x000011cc,0x000011cb,0x00050041,0x00000016,
0x000011cd,0x000010d8,0x000000f2,0x0004003d,
0x00000015,0x000011ce,0x000011cd,0x0003003e,
0x000010e7,0x00000905,0x00050041,0x00000007,
0x000011cf,0x000010e7,0x000011ce,0x0004003d,
0x00000006,0x000011d0,0x000011cf,0x0004007c,
0x00000015,0x000011d1,0x000011d0,0x00050080,
0x00000015,0x000011d2,0x000011cc,0x000011d1,
0x00050041,0x00000016,0x000011d3,0x000010d8,
0x000001c1,0x0004003d,0x00000015,0x000011d4,
0x000011d3,0x0003003e,0x000010e8,0x00000905,
0x00050041,0x00000007,0x000011d5,0x000010e8,
0x000011d4,0x0004003d,0x00000006,0x000011d6,
0x000011d5,0x0004007c,0x00000015,0x000011d7,
0x000011d6,0x00050080,0x00000015,0x000011d8,
0x000011d2,0x000011d7,0x000500b1,0x000000b4,
0x000011db,0x000011d8,0x000011c7,0x000600a9,
0x00000015,0x000011dc,0x000011db,0x000000a8,
0x0000004e,0x000500ab,0x000000b4,0x000011de,
0x000011dc,0x0000004e,0x000300f7,0x000011f6,
0x00000000,0x000400fa,0x000011de,0x000011df,
0x000011f6,0x000200f8,0x000011df,0x000200f9,
0x000011e0,0x000200f8,0x000011e0,0x000700f5,
0x00000015,0x00001a03,0x0000004e,0x000011df,
0x000011f4,0x000011e4,0x000500b1,0x000000b4,
0x000011e3,0x00001a03,0x0000017e,0x000400f6,
0x000011f5,0x000011e4,0x00000000,0x000400fa,
0x000011e3,0x000011e4,0x000011f5,0x000200f8,
0x000011e4,0x00050041,0x00000016,0x000011e6,
0x000010d8,0x00001a03,0x0004003d,0x00000015,
0x000011e7,0x000011e6,0x00050080,0x00000015,
0x000011ea,0x00001a03,0x000000a8,0x00050041,
0x00000016,0x000011eb,0x000010d8,0x000011ea,
0x0004003d,0x00000015,0x000011ec,0x000011eb,
0x0003003e,0x000011e6,0x000011ec,0x0003003e,
0x000011eb,0x000011e7,0x00050080,0x00000015,
0x000011f4,0x00001a03,0x000000d3,0x000200f9,
0x000011e0,0x000200f8,0x000011f5,0x000200f9,
0x000011f6,0x000200f8,0x000011f6,0x0004003d,
0x0000002e,0x000011f7,0x000010d8,0x0003003e,
0x000010ec,0x000011f7,0x00050041,0x00000016,
0x000013e2,0x000010ec,0x0000004e,0x0004003d,
0x00000015,0x000013e3,0x000013e2,0x000500c3,
0x00000015,0x000013e4,0x000013e3,0x000001be,
0x00050041,0x00000016,0x000013e5,0x000010ec,
0x000000a8,0x0004003d,0x00000015,0x000013e6,
0x000013e5,0x000500c3,0x00000015,0x000013e7,
0x000013e6,0x000001be,0x00050084,0x00000015,
0x000013e8,0x000000f2,0x000013e7,0x00050080,
0x00000015,0x000013e9,0x000013e4,0x000013e8,
0x00050041,0x00000016,0x000013ea,0x000010ec,
0x000000d3,0x0004003d,0x00000015,0x000013eb,
0x000013ea,0x000500c3,0x00000015,0x000013ec,
0x000013eb,0x000001be,0x00050084,0x00000015,
0x000013ed,0x000003d8,0x000013ec,0x00050080,
0x00000015,0x000013ee,0x000013e9,0x000013ed,
0x00050041,0x00000016,0x000013ef,0x000010ec,
0x000000f2,0x0004003d,0x00000015,0x000013f0,
0x000013ef,0x000500c3,0x00000015,0x000013f1,
0x000013f0,0x000001be,0x00050084,0x00000015,
0x000013f2,0x000003da,0x000013f1,0x00050080,
0x00000015,0x000013f3,0x000013ee,0x000013f2,
0x00050041,0x00000016,0x000013f4,0x000010ec,
0x000001be,0x0004003d,0x00000015,0x000013f5,
0x000013f4,0x000500c3,0x00000015,0x000013f6,
0x000013f5,0x000001be,0x00050084,0x00000015,
0x000013f7,0x0000076c,0x000013f6,0x00050080,
0x00000015,0x000013f8,0x000013f3,0x000013f7,
0x0003003e,0x000013ca,0x00000759,0x00050041,
0x00000007,0x000013f9,0x000013ca,0x000013f8,
0x0004003d,0x00000006,0x000013fa,0x000013f9,
0x0004007c,0x00000015,0x000013fb,0x000013fa,
0x000200f9,0x000013fc,0x000200f8,0x000013fc,
0x000700f5,0x00000015,0x00001a04,0x0000004e,
0x000011f6,0x0000140e,0x0000140c,0x000500b1,
0x000000b4,0x000013ff,0x00001a04,0x000001c1,
0x000400f6,0x0000140f,0x0000140c,0x00000000,
0x000400fa,0x000013ff,0x00001400,0x0000140f,
0x000200f8,0x00001400,0x0003003e,0x000013cc,
0x00000783,0x00050041,0x00000016,0x00001403,
0x000013cc,0x00001a04,0x0004003d,0x00000015,
0x00001404,0x00001403,0x00050080,0x00000015,
0x00001405,0x000003e5,0x00001404,0x00050041,
0x00000016,0x00001407,0x000010ec,0x00001a04,
0x0004003d,0x00000015,0x00001408,0x00001407,
0x000500c7,0x00000015,0x00001409,0x00001408,
0x0000078d,0x0004007c,0x00000006,0x0000140a,
0x00001409,0x000200f9,0x00001464,0x000200f8,
0x00001464,0x000700f5,0x00000015,0x00001a76,
0x0000004e,0x00001400,0x00001481,0x0000147f,
0x000500b1,0x000000b4,0x00001468,0x00001a76,
0x000001be,0x000400f6,0x00001482,0x0000147f,
0x00000000,0x000400fa,0x00001468,0x00001469,
0x00001482,0x000200f8,0x00001469,0x0004007c,
0x00000006,0x0000146c,0x00001a76,0x000500c4,
0x00000006,0x0000146d,0x00000055,0x0000146c,
0x000500c7,0x00000006,0x0000146e,0x0000140a,
0x0000146d,0x000500ab,0x000000b4,0x0000146f,
0x0000146e,0x0000011c,0x000300f7,0x0000147e,
0x00000000,0x000400fa,0x0000146f,0x00001470,
0x0000147e,0x000200f8,0x00001470,0x00050080,
0x00000015,0x00001473,0x00001405,0x00001a76,
0x000500c3,0x00000015,0x00001475,0x00001473,
0x000001c1,0x000500c7,0x00000015,0x00001477,
0x00001473,0x00000517,0x0004007c,0x00000006,
0x00001478,0x00001477,0x000500c4,0x00000006,
0x00001479,0x00000055,0x00001478,0x00050041,
0x00000007,0x0000147a,0x00000513,0x00001475,
0x0004003d,0x00000006,0x0000147b,0x0000147a,
0x000500c5,0x00000006,0x0000147c,0x0000147b,
0x00001479,0x0003003e,0x0000147a,0x0000147c,
0x000200f9,0x0000147e,0x000200f8,0x0000147e,
0x000200f9,0x0000147f,0x000200f8,0x0000147f,
0x00050080,0x00000015,0x00001481,0x00001a76,
0x000000a8,0x000200f9,0x00001464,0x000200f8,
0x00001482,0x000200f9,0x0000140c,0x000200f8,
0x0000140c,0x00050080,0x00000015,0x0000140e,
0x00001a04,0x000000a8,0x000200f9,0x000013fc,
0x000200f8,0x0000140f,0x000200f9,0x00001410,
0x000200f8,0x00001410,0x000700f5,0x00000015,
0x00001a05,0x0000004e,0x0000140f,0x00001424,
0x00001422,0x000500b1,0x000000b4,0x00001413,
0x00001a05,0x0000017e,0x000400f6,0x00001425,
0x00001422,0x00000000,0x000400fa,0x00001413,
0x00001414,0x00001425,0x000200f8,0x00001414,
0x000500c3,0x00000015,0x00001417,0x000013fb,
0x00001a05,0x000500c7,0x00000015,0x00001418,
0x00001417,0x000000a8,0x000500ab,0x000000b4,
0x00001419,0x00001418,0x0000004e,0x000300f7,
0x00001421,0x00000000,0x000400fa,0x00001419,
0x0000141a,0x00001421,0x000200f8,0x0000141a,
0x0003003e,0x000013d1,0x000007a8,0x00050041,
0x00000016,0x0000141d,0x000013d1,0x00001a05,
0x0004003d,0x00000015,0x0000141e,0x0000141d,
0x00050080,0x00000015,0x0000141f,0x000003e5,
0x0000141e,0x000200f9,0x00001486,0x000200f8,
0x00001486,0x000700f5,0x00000015,0x00001a72,
0x0000004e,0x0000141a,0x000014a3,0x000014a1,
0x000500b1,0x000000b4,0x0000148a,0x00001a72,
0x000000a8,0x000400f6,0x000014a4,0x000014a1,
0x00000000,0x000400fa,0x0000148a,0x0000148b,
0x000014a4,0x000200f8,0x0000148b,0x0004007c,
0x00000006,0x0000148e,0x00001a72,0x000500c4,
0x00000006,0x0000148f,0x00000055,0x0000148e,
0x000500c7,0x00000006,0x00001490,0x00000055,
0x0000148f,0x000500ab,0x000000b4,0x00001491,
0x00001490,0x0000011c,0x000300f7,0x000014a0,
0x00000000,0x000400fa,0x00001491,0x00001492,
0x000014a0,0x000200f8,0x00001492,0x00050080,
0x00000015,0x00001495,0x0000141f,0x00001a72,
0x000500c3,0x00000015,0x00001497,0x00001495,
0x000001c1,0x000500c7,0x00000015,0x00001499,
0x00001495,0x00000517,0x0004007c,0x00000006,
0x0000149a,0x00001499,0x000500c4,0x00000006,
0x0000149b,0x00000055,0x0000149a,0x00050041,
0x00000007,0x0000149c,0x00000513,0x00001497,
0x0004003d,0x00000006,0x0000149d,0x0000149c,
0x000500c5,0x00000006,0x0000149e,0x0000149d,
0x0000149b,0x0003003e,0x0000149c,0x0000149e,
0x000200f9,0x000014a0,0x000200f8,0x000014a0,
0x000200f9,0x000014a1,0x000200f8,0x000014a1,
0x00050080,0x00000015,0x000014a3,0x00001a72,
0x000000a8,0x000200f9,0x00001486,0x000200f8,
0x000014a4,0x000200f9,0x00001421,0x000200f8,
0x00001421,0x000200f9,0x00001422,0x000200f8,
0x00001422,0x00050080,0x00000015,0x00001424,
0x00001a05,0x000000a8,0x000200f9,0x00001410,
0x000200f8,0x00001425,0x00050041,0x00000016,
0x00001426,0x000010ec,0x000001c1,0x0004003d,
0x00000015,0x00001427,0x00001426,0x000500c3,
0x00000015,0x00001428,0x00001427,0x000001be,
0x00050041,0x00000016,0x00001429,0x000010ec,
0x00000162,0x0004003d,0x00000015,0x0000142a,
0x00001429,0x000500c3,0x00000015,0x0000142b,
0x0000142a,0x000001be,0x00050084,0x00000015,
0x0000142c,0x000000f2,0x0000142b,0x00050080,
0x00000015,0x0000142d,0x00001428,0x0000142c,
0x00050041,0x00000016,0x0000142e,0x000010ec,
0x000001a9,0x0004003d,0x00000015,0x0000142f,
0x0000142e,0x000500c3,0x00000015,0x00001430,
0x0000142f,0x000001be,0x00050084,0x00000015,
0x00001431,0x000003d8,0x00001430,0x00050080,
0x00000015,0x00001432,0x0000142d,0x00001431,
0x0003003e,0x000013d6,0x000007b7,0x00050041,
0x00000007,0x00001433,0x000013d6,0x00001432,
0x0004003d,0x00000006,0x00001434,0x00001433,
0x0004007c,0x00000015,0x00001435,0x00001434,
0x000200f9,0x00001436,0x000200f8,0x00001436,
0x000700f5,0x00000015,0x00001a06,0x0000004e,
0x00001425,0x00001449,0x00001447,0x000500b1,
0x000000b4,0x00001439,0x00001a06,0x000000f2,
0x000400f6,0x0000144a,0x00001447,0x00000000,
0x000400fa,0x00001439,0x0000143a,0x0000144a,
0x000200f8,0x0000143a,0x0003003e,0x000013d8,
0x00000783,0x00050041,0x00000016,0x0000143d,
0x000013d8,0x00001a06,0x0004003d,0x00000015,
0x0000143e,0x0000143d,0x00050080,0x00000015,
0x0000143f,0x000007b4,0x0000143e,0x00050080,
0x00000015,0x00001441,0x000001c1,0x00001a06,
0x00050041,0x00000016,0x00001442,0x000010ec,
0x00001441,0x0004003d,0x00000015,0x00001443,
0x00001442,0x000500c7,0x00000015,0x00001444,
0x00001443,0x0000078d,0x0004007c,0x00000006,
0x00001445,0x00001444,0x000200f9,0x000014a8,
0x000200f8,0x000014a8,0x000700f5,0x00000015,
0x00001a6d,0x0000004e,0x0000143a,0x000014c5,
0x000014c3,0x000500b1,0x000000b4,0x000014ac,
0x00001a6d,0x000001be,0x000400f6,0x000014c6,
0x000014c3,0x00000000,0x000400fa,0x000014ac,
0x000014ad,0x000014c6,0x000200f8,0x000014ad,
0x0004007c,0x00000006,0x000014b0,0x00001a6d,
0x000500c4,0x00000006,0x000014b1,0x00000055,
0x000014b0,0x000500c7,0x00000006,0x000014b2,
0x00001445,0x000014b1,0x000500ab,0x000000b4,
0x000014b3,0x000014b2,0x0000011c,0x000300f7,
0x000014c2,0x00000000,0x000400fa,0x000014b3,
0x000014b4,0x000014c2,0x000200f8,0x000014b4,
0x00050080,0x00000015,0x000014b7,0x0000143f,
0x00001a6d,0x000500c3,0x00000015,0x000014b9,
0x000014b7,0x000001c1,0x000500c7,0x00000015,
0x000014bb,0x000014b7,0x00000517,0x0004007c,
0x00000006,0x000014bc,0x000014bb,0x000500c4,
0x00000006,0x000014bd,0x00000055,0x000014bc,
0x00050041,0x00000007,0x000014be,0x00000513,
0x000014b9,0x0004003d,0x00000006,0x000014bf,
0x000014be,0x000500c5,0x00000006,0x000014c0,
0x000014bf,0x000014bd,0x0003003e,0x000014be,
0x000014c0,0x000200f9,0x000014c2,0x000200f8,
0x000014c2,0x000200f9,0x000014c3,0x000200f8,
0x000014c3,0x00050080,0x00000015,0x000014c5,
0x00001a6d,0x000000a8,0x000200f9,0x000014a8,
0x000200f8,0x000014c6,0x000200f9,0x00001447,
0x000200f8,0x00001447,0x00050080,0x00000015,
0x00001449,0x00001a06,0x000000a8,0x000200f9,
0x00001436,0x000200f8,0x0000144a,0x000200f9,
0x0000144b,0x000200f8,0x0000144b,0x000700f5,
0x00000015,0x00001a07,0x0000004e,0x0000144a,
0x0000145f,0x0000145d,0x000500b1,0x000000b4,
0x0000144e,0x00001a07,0x000001c1,0x000400f6,
0x00001460,0x0000145d,0x00000000,0x000400fa,
0x0000144e,0x0000144f,0x00001460,0x000200f8,
0x0000144f,0x000500c3,0x00000015,0x00001452,
0x00001435,0x00001a07,0x000500c7,0x00000015,
0x00001453,0x00001452,0x000000a8,0x000500ab,
0x000000b4,0x00001454,0x00001453,0x0000004e,
0x000300f7,0x0000145c,0x00000000,0x000400fa,
0x00001454,0x00001455,0x0000145c,0x000200f8,
0x00001455,0x0003003e,0x000013dd,0x000007a8,
0x00050041,0x00000016,0x00001458,0x000013dd,
0x00001a07,0x0004003d,0x00000015,0x00001459,
0x00001458,0x00050080,0x00000015,0x0000145a,
0x000007b4,0x00001459,0x000200f9,0x000014ca,
0x000200f8,0x000014ca,0x000700f5,0x00000015,
0x00001a69,0x0000004e,0x00001455,0x000014e7,
0x000014e5,0x000500b1,0x000000b4,0x000014ce,
0x00001a69,0x000000a8,0x000400f6,0x000014e8,
0x000014e5,0x00000000,0x000400fa,0x000014ce,
0x000014cf,0x000014e8,0x000200f8,0x000014cf,
0x0004007c,0x00000006,0x000014d2,0x00001a69,
0x000500c4,0x00000006,0x000014d3,0x00000055,
0x000014d2,0x000500c7,0x00000006,0x000014d4,
0x00000055,0x000014d3,0x000500ab,0x000000b4,
0x000014d5,0x000014d4,0x0000011c,0x000300f7,
0x000014e4,0x00000000,0x000400fa,0x000014d5,
0x000014d6,0x000014e4,0x000200f8,0x000014d6,
0x00050080,0x00000015,0x000014d9,0x0000145a,
0x00001a69,0x000500c3,0x00000015,0x000014db,
0x000014d9,0x000001c1,0x000500c7,0x00000015,
0x000014dd,0x000014d9,0x00000517,0x0004007c,
0x00000006,0x000014de,0x000014dd,0x000500c4,
0x00000006,0x000014df,0x00000055,0x000014de,
0x00050041,0x00000007,0x000014e0,0x00000513,
0x000014db,0x0004003d,0x00000006,0x000014e1,
0x000014e0,0x000500c5,0x00000006,0x000014e2,
0x000014e1,0x000014df,0x0003003e,0x000014e0,
0x000014e2,0x000200f9,0x000014e4,0x000200f8,
0x000014e4,0x000200f9,0x000014e5,0x000200f8,
0x000014e5,0x00050080,0x00000015,0x000014e7,
0x00001a69,0x000000a8,0x000200f9,0x000014ca,
0x000200f8,0x000014e8,0x000200f9,0x0000145c,
0x000200f8,0x0000145c,0x000200f9,0x0000145d,
0x000200f8,0x0000145d,0x00050080,0x00000015,
0x0000145f,0x00001a07,0x000000a8,0x000200f9,
0x0000144b,0x000200f8,0x00001460,0x000200f9,
0x000014ec,0x000200f8,0x000014ec,0x000700f5,
0x00000015,0x00001a08,0x0000004e,0x00001460,
0x00001509,0x00001507,0x000500b1,0x000000b4,
0x000014f0,0x00001a08,0x000000d3,0x000400f6,
0x0000150a,0x00001507,0x00000000,0x000400fa,
0x000014f0,0x000014f1,0x0000150a,0x000200f8,
0x000014f1,0x0004007c,0x00000006,0x000014f4,
0x00001a08,0x000500c4,0x00000006,0x000014f5,
0x00000055,0x000014f4,0x000500c7,0x00000006,
0x000014f6,0x0000012b,0x000014f5,0x000500ab,
0x000000b4,0x000014f7,0x000014f6,0x0000011c,
0x000300f7,0x00001506,0x00000000,0x000400fa,
0x000014f7,0x000014f8,0x00001506,0x000200f8,
0x000014f8,0x00050080,0x00000015,0x000014fb,
0x00000954,0x00001a08,0x000500c3,0x00000015,
0x000014fd,0x000014fb,0x000001c1,0x000500c7,
0x00000015,0x000014ff,0x000014fb,0x00000517,
0x0004007c,0x00000006,0x00001500,0x000014ff,
0x000500c4,0x00000006,0x00001501,0x00000055,
0x00001500,0x00050041,0x00000007,0x00001502,
0x00000513,0x000014fd,0x0004003d,0x00000006,
0x00001503,0x00001502,0x000500c5,0x00000006,
0x00001504,0x00001503,0x00001501,0x0003003e,
0x00001502,0x00001504,0x000200f9,0x00001506,
0x000200f8,0x00001506,0x000200f9,0x00001507,
0x000200f8,0x00001507,0x00050080,0x00000015,
0x00001509,0x00001a08,0x000000a8,0x000200f9,
0x000014ec,0x000200f8,0x0000150a,0x000200f9,
0x000011fa,0x000200f8,0x000011fa,0x000700f5,
0x00000015,0x00001a3c,0x0000004e,0x0000150a,
0x00001210,0x000011fe,0x000700f5,0x00000006,
0x00001a09,0x0000011c,0x0000150a,0x00001213,
0x000011fe,0x000500b0,0x000000b4,0x000011fd,
0x00001a09,0x0000012b,0x000400f6,0x00001214,
0x000011fe,0x00000000,0x000400fa,0x000011fd,
0x000011fe,0x00001214,0x000200f8,0x000011fe,
0x00050041,0x00000016,0x00001201,0x000010d1,
0x00001a09,0x0004003d,0x00000015,0x00001202,
0x00001201,0x00050041,0x00000016,0x00001204,
0x000010ca,0x00001a09,0x0004003d,0x00000015,
0x00001205,0x00001204,0x00050082,0x00000015,
0x00001206,0x00001202,0x00001205,0x00050041,
0x00000016,0x00001207,0x000010f2,0x00001a09,
0x0003003e,0x00001207,0x00001206,0x0004003d,
0x00000015,0x0000120a,0x00001207,0x0004003d,
0x00000015,0x0000120d,0x00001207,0x00050084,
0x00000015,0x0000120e,0x0000120a,0x0000120d,
0x00050080,0x00000015,0x00001210,0x00001a3c,
0x0000120e,0x00050080,0x00000006,0x00001213,
0x00001a09,0x000000a8,0x000200f9,0x000011fa,
0x000200f8,0x00001214,0x00050082,0x00000015,
0x00001217,0x000019f2,0x000019f1,0x000200f9,
0x00001218,0x000200f8,0x00001218,0x000700f5,
0x00000015,0x00001a3a,0x0000004e,0x00001214,
0x00001283,0x00001281,0x000500b1,0x000000b4,
0x0000121b,0x00001a3a,0x0000033f,0x000400f6,
0x00001284,0x00001281,0x00000000,0x000400fa,
0x0000121b,0x0000121c,0x00001284,0x000200f8,
0x0000121c,0x000500aa,0x000000b4,0x0000121e,
0x00001a3c,0x0000004e,0x000300f7,0x0000124c,
0x00000000,0x000400fa,0x0000121e,0x0000121f,
0x00001220,0x000200f8,0x0000121f,0x000200f9,
0x0000124c,0x000200f8,0x00001220,0x000200f9,
0x00001221,0x000200f8,0x00001221,0x000700f5,
0x00000015,0x00001a3e,0x0000004e,0x00001220,
0x00001234,0x00001225,0x000700f5,0x00000006,
0x00001a3d,0x0000011c,0x00001220,0x00001237,
0x00001225,0x000500b0,0x000000b4,0x00001224,
0x00001a3d,0x0000012b,0x000400f6,0x00001238,
0x00001225,0x00000000,0x000400fa,0x00001224,
0x00001225,0x00001238,0x000200f8,0x00001225,
0x0004007c,0x00000006,0x00001227,0x00001a3a,
0x00050041,0x00000007,0x0000150e,0x0000003d,
0x00001227,0x0004003d,0x00000006,0x0000150f,
0x0000150e,0x00050084,0x00000006,0x00001511,
0x00001a3d,0x0000002d,0x000500c2,0x00000006,
0x00001512,0x0000150f,0x00001511,0x000500c7,
0x00000006,0x00001513,0x00001512,0x00000045,
0x0004007c,0x00000015,0x0000122a,0x00001513,
0x00050041,0x00000016,0x0000122c,0x000010ca,
0x00001a3d,0x0004003d,0x00000015,0x0000122d,
0x0000122c,0x00050082,0x00000015,0x0000122e,
0x0000122a,0x0000122d,0x00050041,0x00000016,
0x00001230,0x000010f2,0x00001a3d,0x0004003d,
0x00000015,0x00001231,0x00001230,0x00050084,
0x00000015,0x00001232,0x0000122e,0x00001231,
0x00050080,0x00000015,0x00001234,0x00001a3e,
0x00001232,0x00050080,0x00000006,0x00001237,
0x00001a3d,0x000000a8,0x000200f9,0x00001221,
0x000200f8,0x00001238,0x000500b3,0x000000b4,
0x0000123a,0x00001a3e,0x0000004e,0x000300f7,
0x0000124b,0x00000000,0x000400fa,0x0000123a,
0x0000123b,0x0000123c,0x000200f8,0x0000123b,
0x000200f9,0x0000124b,0x000200f8,0x0000123c,
0x000500af,0x000000b4,0x0000123f,0x00001a3e,
0x00001a3c,0x000300f7,0x0000124a,0x00000000,
0x000400fa,0x0000123f,0x00001240,0x00001241,
0x000200f8,0x00001240,0x000200f9,0x0000124a,
0x000200f8,0x00001241,0x00050084,0x00000015,
0x00001243,0x00001a3e,0x000000f2,0x00050087,
0x00000015,0x00001245,0x00001a3c,0x000000d3,
0x00050080,0x00000015,0x00001246,0x00001243,
0x00001245,0x00050087,0x00000015,0x00001248,
0x00001246,0x00001a3c,0x0004007c,0x00000006,
0x00001249,0x00001248,0x000200f9,0x0000124a,
0x000200f8,0x0000124a,0x000700f5,0x00000006,
0x00001a4e,0x0000012b,0x00001240,0x00001249,
0x00001241,0x000200f9,0x0000124b,0x000200f8,
0x0000124b,0x000700f5,0x00000006,0x00001a4d,
0x0000011c,0x0000123b,0x00001a4e,0x0000124a,
0x000200f9,0x0000124c,0x000200f8,0x0000124c,
0x000700f5,0x00000006,0x00001a4c,0x0000011c,
0x0000121f,0x00001a4d,0x0000124b,0x000500aa,
0x000000b4,0x0000124e,0x00001217,0x0000004e,
0x000300f7,0x00001268,0x00000000,0x000400fa,
0x0000124e,0x0000124f,0x00001250,0x000200f8,
0x0000124f,0x000200f9,0x00001268,0x000200f8,
0x00001250,0x0004007c,0x00000006,0x00001252,
0x00001a3a,0x00050041,0x00000007,0x00001517,
0x0000003d,0x00001252,0x0004003d,0x00000006,
0x00001518,0x00001517,0x000500c2,0x00000006,
0x0000151b,0x00001518,0x000004f6,0x000500c7,
0x00000006,0x0000151c,0x0000151b,0x00000045,
0x0004007c,0x00000015,0x00001254,0x0000151c,
0x00050082,0x00000015,0x00001256,0x00001254,
0x000019f1,0x00050084,0x00000015,0x00001258,
0x00001256,0x000000f2,0x00050087,0x00000015,
0x0000125a,0x00001217,0x000000d3,0x00050080,
0x00000015,0x0000125b,0x00001258,0x0000125a,
0x00050087,0x00000015,0x0000125d,0x0000125b,
0x00001217,0x000500b1,0x000000b4,0x0000125f,
0x0000125d,0x0000004e,0x000600a9,0x00000015,
0x00001b5b,0x0000125f,0x0000004e,0x0000125d,
0x000500ad,0x000000b4,0x00001263,0x00001b5b,
0x000000f2,0x000600a9,0x00000015,0x00001b5c,
0x00001263,0x000000f2,0x00001b5b,0x0004007c,
0x00000006,0x00001267,0x00001b5c,0x000200f9,
0x00001268,0x000200f8,0x00001268,0x000700f5,
0x00000006,0x00001a51,0x0000011c,0x0000124f,
0x00001267,0x00001250,0x000300f7,0x00001270,
0x00000000,0x000400fa,0x000011de,0x0000126b,
0x00001270,0x000200f8,0x0000126b,0x00050082,
0x00000006,0x0000126d,0x0000012b,0x00001a4c,
0x00050082,0x00000006,0x0000126f,0x0000012b,
0x00001a51,0x000200f9,0x00001270,0x000200f8,
0x00001270,0x000700f5,0x00000006,0x00001a5e,
0x00001a51,0x00001268,0x0000126f,0x0000126b,
0x000700f5,0x00000006,0x00001a56,0x00001a4c,
0x00001268,0x0000126d,0x0000126b,0x00050084,
0x00000015,0x00001272,0x000000d3,0x00001a3a,
0x00050080,0x00000015,0x00001273,0x00001272,
0x000000a8,0x00050084,0x00000015,0x00001274,
0x00001273,0x000000d3,0x00050082,0x00000015,
0x00001275,0x00000330,0x00001274,0x000200f9,
0x00001521,0x000200f8,0x00001521,0x000700f5,
0x00000006,0x00001a58,0x0000011c,0x00001270,
0x00001533,0x00001526,0x000700f5,0x00000015,
0x00001a57,0x0000004e,0x00001270,0x00001536,
0x00001526,0x000500b1,0x000000b4,0x00001525,
0x00001a57,0x000000d3,0x000400f6,0x00001537,
0x00001526,0x00000000,0x000400fa,0x00001525,
0x00001526,0x00001537,0x000200f8,0x00001526,
0x0004007c,0x00000006,0x00001529,0x00001a57,
0x000500c2,0x00000006,0x0000152a,0x00001a56,
0x00001529,0x000500c7,0x00000006,0x0000152b,
0x0000152a,0x00000055,0x00050082,0x00000015,
0x0000152f,0x000000a8,0x00001a57,0x0004007c,
0x00000006,0x00001530,0x0000152f,0x000500c4,
0x00000006,0x00001531,0x0000152b,0x00001530,
0x000500c5,0x00000006,0x00001533,0x00001a58,
0x00001531,0x00050080,0x00000015,0x00001536,
0x00001a57,0x000000a8,0x000200f9,0x00001521,
0x000200f8,0x00001537,0x000200f9,0x0000153c,
0x000200f8,0x0000153c,0x000700f5,0x00000015,
0x00001a59,0x0000004e,0x00001537,0x00001559,
0x00001557,0x000500b1,0x000000b4,0x00001540,
0x00001a59,0x000000d3,0x000400f6,0x0000155a,
0x00001557,0x00000000,0x000400fa,0x00001540,
0x00001541,0x0000155a,0x000200f8,0x00001541,
0x0004007c,0x00000006,0x00001544,0x00001a59,
0x000500c4,0x00000006,0x00001545,0x00000055,
0x00001544,0x000500c7,0x00000006,0x00001546,
0x00001a58,0x00001545,0x000500ab,0x000000b4,
0x00001547,0x00001546,0x0000011c,0x000300f7,
0x00001556,0x00000000,0x000400fa,0x00001547,
0x00001548,0x00001556,0x000200f8,0x00001548,
0x00050080,0x00000015,0x0000154b,0x00001275,
0x00001a59,0x000500c3,0x00000015,0x0000154d,
0x0000154b,0x000001c1,0x000500c7,0x00000015,
0x0000154f,0x0000154b,0x00000517,0x0004007c,
0x00000006,0x00001550,0x0000154f,0x000500c4,
0x00000006,0x00001551,0x00000055,0x00001550,
0x00050041,0x00000007,0x00001552,0x00000513,
0x0000154d,0x0004003d,0x00000006,0x00001553,
0x00001552,0x000500c5,0x00000006,0x00001554,
0x00001553,0x00001551,0x0003003e,0x00001552,
0x00001554,0x000200f9,0x00001556,0x000200f8,
0x00001556,0x000200f9,0x00001557,0x000200f8,
0x00001557,0x00050080,0x00000015,0x00001559,
0x00001a59,0x000000a8,0x000200f9,0x0000153c,
0x000200f8,0x0000155a,0x00050080,0x00000015,
0x0000127b,0x00001272,0x000000d3,0x00050084,
0x00000015,0x0000127c,0x0000127b,0x000000d3,
0x00050082,0x00000015,0x0000127d,0x00000330,
0x0000127c,0x000200f9,0x0000155f,0x000200f8,
0x0000155f,0x000700f5,0x00000006,0x00001a60,
0x0000011c,0x0000155a,0x00001571,0x00001564,
0x000700f5,0x00000015,0x00001a5f,0x0000004e,
0x0000155a,0x00001574,0x00001564,0x000500b1,
0x000000b4,0x00001563,0x00001a5f,0x000000d3,
0x000400f6,0x00001575,0x00001564,0x00000000,
0x000400fa,0x00001563,0x00001564,0x00001575,
0x000200f8,0x00001564,0x0004007c,0x00000006,
0x00001567,0x00001a5f,0x000500c2,0x00000006,
0x00001568,0x00001a5e,0x00001567,0x000500c7,
0x00000006,0x00001569,0x00001568,0x00000055,
0x00050082,0x00000015,0x0000156d,0x000000a8,
0x00001a5f,0x0004007c,0x00000006,0x0000156e,
0x0000156d,0x000500c4,0x00000006,0x0000156f,
0x00001569,0x0000156e,0x000500c5,0x00000006,
0x00001571,0x00001a60,0x0000156f,0x00050080,
0x00000015,0x00001574,0x00001a5f,0x000000a8,
0x000200f9,0x0000155f,0x000200f8,0x00001575,
0x000200f9,0x0000157a,0x000200f8,0x0000157a,
0x000700f5,0x00000015,0x00001a61,0x0000004e,
0x00001575,0x00001597,0x00001595,0x000500b1,
0x000000b4,0x0000157e,0x00001a61,0x000000d3,
0x000400f6,0x00001598,0x00001595,0x00000000,
0x000400fa,0x0000157e,0x0000157f,0x00001598,
0x000200f8,0x0000157f,0x0004007c,0x00000006,
0x00001582,0x00001a61,0x000500c4,0x00000006,
0x00001583,0x00000055,0x00001582,0x000500c7,
0x00000006,0x00001584,0x00001a60,0x00001583,
0x000500ab,0x000000b4,0x00001585,0x00001584,
0x0000011c,0x000300f7,0x00001594,0x00000000,
0x000400fa,0x00001585,0x00001586,0x00001594,
0x000200f8,0x00001586,0x00050080,0x00000015,
0x00001589,0x0000127d,0x00001a61,0x000500c3,
0x00000015,0x0000158b,0x00001589,0x000001c1,
0x000500c7,0x00000015,0x0000158d,0x00001589,
0x00000517,0x0004007c,0x00000006,0x0000158e,
0x0000158d,0x000500c4,0x00000006,0x0000158f,
0x00000055,0x0000158e,0x00050041,0x00000007,
0x00001590,0x00000513,0x0000158b,0x0004003d,
0x00000006,0x00001591,0x00001590,0x000500c5,
0x00000006,0x00001592,0x00001591,0x0000158f,
0x0003003e,0x00001590,0x00001592,0x000200f9,
0x00001594,0x000200f8,0x00001594,0x000200f9,
0x00001595,0x000200f8,0x00001595,0x00050080,
0x00000015,0x00001597,0x00001a61,0x000000a8,
0x000200f9,0x0000157a,0x000200f8,0x00001598,
0x000200f9,0x00001281,0x000200f8,0x00001281,
0x00050080,0x00000015,0x00001283,0x00001a3a,
0x000000a8,0x000200f9,0x00001218,0x000200f8,
0x00001284,0x000200f9,0x00000a3b,0x000200f8,
0x00000a3d,0x00050041,0x00000007,0x000015e3,
0x00000513,0x0000004e,0x0003003e,0x000015e3,
0x0000011c,0x00050041,0x00000007,0x000015e4,
0x00000513,0x000000a8,0x0003003e,0x000015e4,
0x0000011c,0x00050041,0x00000007,0x000015e5,
0x00000513,0x000000d3,0x0003003e,0x000015e5,
0x0000011c,0x00050041,0x00000007,0x000015e6,
0x00000513,0x000000f2,0x0003003e,0x000015e6,
0x0000011c,0x000200f9,0x000015e7,0x000200f8,
0x000015e7,0x000700f5,0x00000015,0x000019bb,
0x0000004e,0x00000a3d,0x00001ae6,0x00001618,
0x000700f5,0x00000015,0x000019ba,0x0000004e,
0x00000a3d,0x00001ae3,0x00001618,0x000700f5,
0x00000015,0x000019b9,0x0000004e,0x00000a3d,
0x000015ed,0x00001618,0x000700f5,0x00000015,
0x000019e7,0x00000544,0x00000a3d,0x000019e6,
0x00001618,0x000500b1,0x000000b4,0x000015ea,
0x000019b9,0x0000033f,0x000400f6,0x0000161b,
0x00001618,0x00000000,0x000400fa,0x000015ea,
0x000015eb,0x0000161b,0x000200f8,0x000015eb,
0x00050080,0x00000015,0x000015ed,0x000019b9,
0x000000a8,0x000200f9,0x000015ee,0x000200f8,
0x000015ee,0x000700f5,0x00000015,0x000019e6,
0x000019e7,0x000015eb,0x00001b5d,0x00001614,
0x000700f5,0x00000015,0x000019e1,0x000015ed,
0x000015eb,0x00001616,0x00001614,0x000700f5,
0x00000015,0x00001ae6,0x000019bb,0x000015eb,
0x00001b5e,0x00001614,0x000700f5,0x00000015,
0x00001ae3,0x000019ba,0x000015eb,0x00001b5f,
0x00001614,0x000500b1,0x000000b4,0x000015f1,
0x000019e1,0x0000033f,0x000400f6,0x00001617,
0x00001614,0x00000000,0x000400fa,0x000015f1,
0x000015f2,0x00001617,0x000200f8,0x000015f2,
0x000200f9,0x000015f3,0x000200f8,0x000015f3,
0x000700f5,0x00000015,0x000019e4,0x0000004e,
0x000015f2,0x00001607,0x000015f7,0x000700f5,
0x00000006,0x000019e3,0x0000011c,0x000015f2,
0x0000160a,0x000015f7,0x000500b0,0x000000b4,
0x000015f6,0x000019e3,0x0000012b,0x000400f6,
0x0000160b,0x000015f7,0x00000000,0x000400fa,
0x000015f6,0x000015f7,0x0000160b,0x000200f8,
0x000015f7,0x0004007c,0x00000006,0x000015f9,
0x000019b9,0x00050041,0x00000007,0x000016cf,
0x0000003d,0x000015f9,0x0004003d,0x00000006,
0x000016d0,0x000016cf,0x00050084,0x00000006,
0x000016d2,0x000019e3,0x0000002d,0x000500c2,
0x00000006,0x000016d3,0x000016d0,0x000016d2,
0x000500c7,0x00000006,0x000016d4,0x000016d3,
0x00000045,0x0004007c,0x00000015,0x000015fc,
0x000016d4,0x0004007c,0x00000006,0x000015fe,
0x000019e1,0x00050041,0x00000007,0x000016d8,
0x0000003d,0x000015fe,0x0004003d,0x00000006,
0x000016d9,0x000016d8,0x000500c2,0x00000006,
0x000016dc,0x000016d9,0x000016d2,0x000500c7,
0x00000006,0x000016dd,0x000016dc,0x00000045,
0x0004007c,0x00000015,0x00001601,0x000016dd,
0x00050082,0x00000015,0x00001602,0x000015fc,
0x00001601,0x00050084,0x00000015,0x00001605,
0x00001602,0x00001602,0x00050080,0x00000015,
0x00001607,0x000019e4,0x00001605,0x00050080,
0x00000006,0x0000160a,0x000019e3,0x000000a8,
0x000200f9,0x000015f3,0x000200f8,0x0000160b,
0x000500ad,0x000000b4,0x0000160e,0x000019e4,
0x000019e6,0x000600a9,0x00000015,0x00001b5d,
0x0000160e,0x000019e4,0x000019e6,0x000600a9,
0x00000015,0x00001b5e,0x0000160e,0x000019e1,
0x00001ae6,0x000600a9,0x00000015,0x00001b5f,
0x0000160e,0x000019b9,0x00001ae3,0x000200f9,
0x00001614,0x000200f8,0x00001614,0x00050080,
0x00000015,0x00001616,0x000019e1,0x000000a8,
0x000200f9,0x000015ee,0x000200f8,0x00001617,
0x000200f9,0x00001618,0x000200f8,0x00001618,
0x000200f9,0x000015e7,0x000200f8,0x0000161b,
0x0004007c,0x00000006,0x0000161d,0x000019ba,
0x00050041,0x00000007,0x000016e1,0x0000003d,
0x0000161d,0x0004003d,0x00000006,0x000016e2,
0x000016e1,0x000500c2,0x00000006,0x000016e5,
0x000016e2,0x0000011c,0x000500c7,0x00000006,
0x000016e6,0x000016e5,0x00000045,0x0004003d,
0x00000006,0x000016eb,0x000016e1,0x000500c2,
0x00000006,0x000016ee,0x000016eb,0x0000002d,
0x000500c7,0x00000006,0x000016ef,0x000016ee,
0x00000045,0x00050080,0x00000006,0x00001622,
0x000016e6,0x000016ef,0x0004003d,0x00000006,
0x000016f4,0x000016e1,0x000500c2,0x00000006,
0x000016f7,0x000016f4,0x0000003a,0x000500c7,
0x00000006,0x000016f8,0x000016f7,0x00000045,
0x00050080,0x00000006,0x00001626,0x00001622,
0x000016f8,0x0004007c,0x00000015,0x00001627,
0x00001626,0x0004007c,0x00000006,0x00001629,
0x000019bb,0x00050041,0x00000007,0x000016fc,
0x0000003d,0x00001629,0x0004003d,0x00000006,
0x000016fd,0x000016fc,0x000500c2,0x00000006,
0x00001700,0x000016fd,0x0000011c,0x000500c7,
0x00000006,0x00001701,0x00001700,0x00000045,
0x0004003d,0x00000006,0x00001706,0x000016fc,
0x000500c2,0x00000006,0x00001709,0x00001706,
0x0000002d,0x000500c7,0x00000006,0x0000170a,
0x00001709,0x00000045,0x00050080,0x00000006,
0x0000162e,0x00001701,0x0000170a,0x0004003d,
0x00000006,0x0000170f,0x000016fc,0x000500c2,
0x00000006,0x00001712,0x0000170f,0x0000003a,
0x000500c7,0x00000006,0x00001713,0x00001712,
0x00000045,0x00050080,0x00000006,0x00001632,
0x0000162e,0x00001713,0x0004007c,0x00000015,
0x00001633,0x00001632,0x000500af,0x000000b4,
0x00001636,0x00001633,0x00001627,0x000600a9,
0x00000015,0x00001639,0x00001636,0x000019ba,
0x000019bb,0x000600a9,0x00000015,0x0000163f,
0x00001636,0x000019bb,0x000019ba,0x000200f9,
0x00001640,0x000200f8,0x00001640,0x000700f5,
0x00000006,0x000019bc,0x0000011c,0x0000161b,
0x00001655,0x00001644,0x000500b0,0x000000b4,
0x00001643,0x000019bc,0x0000012b,0x000400f6,
0x00001656,0x00001644,0x00000000,0x000400fa,
0x00001643,0x00001644,0x00001656,0x000200f8,
0x00001644,0x0004007c,0x00000006,0x00001647,
0x00001639,0x00050041,0x00000007,0x00001717,
0x0000003d,0x00001647,0x0004003d,0x00000006,
0x00001718,0x00001717,0x00050084,0x00000006,
0x0000171a,0x000019bc,0x0000002d,0x000500c2,
0x00000006,0x0000171b,0x00001718,0x0000171a,
0x000500c7,0x00000006,0x0000171c,0x0000171b,
0x00000045,0x0004007c,0x00000015,0x0000164a,
0x0000171c,0x00050041,0x00000016,0x0000164b,
0x000015b6,0x000019bc,0x0003003e,0x0000164b,
0x0000164a,0x0004007c,0x00000006,0x0000164e,
0x0000163f,0x00050041,0x00000007,0x00001720,
0x0000003d,0x0000164e,0x0004003d,0x00000006,
0x00001721,0x00001720,0x000500c2,0x00000006,
0x00001724,0x00001721,0x0000171a,0x000500c7,
0x00000006,0x00001725,0x00001724,0x00000045,
0x0004007c,0x00000015,0x00001651,0x00001725,
0x00050041,0x00000016,0x00001652,0x000015b9,
0x000019bc,0x0003003e,0x00001652,0x00001651,
0x00050080,0x00000006,0x00001655,0x000019bc,
0x000000a8,0x000200f9,0x00001640,0x000200f8,
0x00001656,0x000200f9,0x00001729,0x000200f8,
0x00001729,0x000700f5,0x00000015,0x000019bd,
0x0000004e,0x00001656,0x00001746,0x00001744,
0x000500b1,0x000000b4,0x0000172d,0x000019bd,
0x000005d7,0x000400f6,0x00001747,0x00001744,
0x00000000,0x000400fa,0x0000172d,0x0000172e,
0x00001747,0x000200f8,0x0000172e,0x0004007c,
0x00000006,0x00001731,0x000019bd,0x000500c4,
0x00000006,0x00001732,0x00000055,0x00001731,
0x000500c7,0x00000006,0x00001733,0x000005d8,
0x00001732,0x000500ab,0x000000b4,0x00001734,
0x00001733,0x0000011c,0x000300f7,0x00001743,
0x00000000,0x000400fa,0x00001734,0x00001735,
0x00001743,0x000200f8,0x00001735,0x000500c3,
0x00000015,0x0000173a,0x000019bd,0x000001c1,
0x000500c7,0x00000015,0x0000173c,0x000019bd,
0x00000517,0x0004007c,0x00000006,0x0000173d,
0x0000173c,0x000500c4,0x00000006,0x0000173e,
0x00000055,0x0000173d,0x00050041,0x00000007,
0x0000173f,0x00000513,0x0000173a,0x0004003d,
0x00000006,0x00001740,0x0000173f,0x000500c5,
0x00000006,0x00001741,0x00001740,0x0000173e,
0x0003003e,0x0000173f,0x00001741,0x000200f9,
0x00001743,0x000200f8,0x00001743,0x000200f9,
0x00001744,0x000200f8,0x00001744,0x00050080,
0x00000015,0x00001746,0x000019bd,0x000000a8,
0x000200f9,0x00001729,0x000200f8,0x00001747,
0x000200f9,0x0000174b,0x000200f8,0x0000174b,
0x000700f5,0x00000015,0x000019be,0x0000004e,
0x00001747,0x00001768,0x00001766,0x000500b1,
0x000000b4,0x0000174f,0x000019be,0x000001be,
0x000400f6,0x00001769,0x00001766,0x00000000,
0x000400fa,0x0000174f,0x00001750,0x00001769,
0x000200f8,0x00001750,0x0004007c,0x00000006,
0x00001753,0x000019be,0x000500c4,0x00000006,
0x00001754,0x00000055,0x00001753,0x000500c7,
0x00000006,0x00001755,0x0000002d,0x00001754,
0x000500ab,0x000000b4,0x00001756,0x00001755,
0x0000011c,0x000300f7,0x00001765,0x00000000,
0x000400fa,0x00001756,0x00001757,0x00001765,
0x000200f8,0x00001757,0x00050080,0x00000015,
0x0000175a,0x000003e4,0x000019be,0x000500c3,
0x00000015,0x0000175c,0x0000175a,0x000001c1,
0x000500c7,0x00000015,0x0000175e,0x0000175a,
0x00000517,0x0004007c,0x00000006,0x0000175f,
0x0000175e,0x000500c4,0x00000006,0x00001760,
0x00000055,0x0000175f,0x00050041,0x00000007,
0x00001761,0x00000513,0x0000175c,0x0004003d,
0x00000006,0x00001762,0x00001761,0x000500c5,
0x00000006,0x00001763,0x00001762,0x00001760,
0x0003003e,0x00001761,0x00001763,0x000200f9,
0x00001765,0x000200f8,0x00001765,0x000200f9,
0x00001766,0x000200f8,0x00001766,0x00050080,
0x00000015,0x00001768,0x000019be,0x000000a8,
0x000200f9,0x0000174b,0x000200f8,0x00001769,
0x00050041,0x00000016,0x00001659,0x000015b6,
0x0000004e,0x0004003d,0x00000015,0x0000165a,
0x00001659,0x0004007c,0x00000006,0x0000165b,
0x0000165a,0x000200f9,0x0000176d,0x000200f8,
0x0000176d,0x000700f5,0x00000015,0x000019bf,
0x0000004e,0x00001769,0x0000178a,0x00001788,
0x000500b1,0x000000b4,0x00001771,0x000019bf,
0x0000017e,0x000400f6,0x0000178b,0x00001788,
0x00000000,0x000400fa,0x00001771,0x00001772,
0x0000178b,0x000200f8,0x00001772,0x0004007c,
0x00000006,0x00001775,0x000019bf,0x000500c4,
0x00000006,0x00001776,0x00000055,0x00001775,
0x000500c7,0x00000006,0x00001777,0x0000165b,
0x00001776,0x000500ab,0x000000b4,0x00001778,
0x00001777,0x0000011c,0x000300f7,0x00001787,
0x00000000,0x000400fa,0x00001778,0x00001779,
0x00001787,0x000200f8,0x00001779,0x00050080,
0x00000015,0x0000177c,0x000003e5,0x000019bf,
0x000500c3,0x00000015,0x0000177e,0x0000177c,
0x000001c1,0x000500c7,0x00000015,0x00001780,
0x0000177c,0x00000517,0x0004007c,0x00000006,
0x00001781,0x00001780,0x000500c4,0x00000006,
0x00001782,0x00000055,0x00001781,0x00050041,
0x00000007,0x00001783,0x00000513,0x0000177e,
0x0004003d,0x00000006,0x00001784,0x00001783,
0x000500c5,0x00000006,0x00001785,0x00001784,
0x00001782,0x0003003e,0x00001783,0x00001785,
0x000200f9,0x00001787,0x000200f8,0x00001787,
0x000200f9,0x00001788,0x000200f8,0x00001788,
0x00050080,0x00000015,0x0000178a,0x000019bf,
0x000000a8,0x000200f9,0x0000176d,0x000200f8,
0x0000178b,0x00050041,0x00000016,0x0000165d,
0x000015b9,0x0000004e,0x0004003d,0x00000015,
0x0000165e,0x0000165d,0x0004007c,0x00000006,
0x0000165f,0x0000165e,0x000200f9,0x0000178f,
0x000200f8,0x0000178f,0x000700f5,0x00000015,
0x000019c0,0x0000004e,0x0000178b,0x000017ac,
0x000017aa,0x000500b1,0x000000b4,0x00001793,
0x000019c0,0x0000017e,0x000400f6,0x000017ad,
0x000017aa,0x00000000,0x000400fa,0x00001793,
0x00001794,0x000017ad,0x000200f8,0x00001794,
0x0004007c,0x00000006,0x00001797,0x000019c0,
0x000500c4,0x00000006,0x00001798,0x00000055,
0x00001797,0x000500c7,0x00000006,0x00001799,
0x0000165f,0x00001798,0x000500ab,0x000000b4,
0x0000179a,0x00001799,0x0000011c,0x000300f7,
0x000017a9,0x00000000,0x000400fa,0x0000179a,
0x0000179b,0x000017a9,0x000200f8,0x0000179b,
0x00050080,0x00000015,0x0000179e,0x000005e8,
0x000019c0,0x000500c3,0x00000015,0x000017a0,
0x0000179e,0x000001c1,0x000500c7,0x00000015,
0x000017a2,0x0000179e,0x00000517,0x0004007c,
0x00000006,0x000017a3,0x000017a2,0x000500c4,
0x00000006,0x000017a4,0x00000055,0x000017a3,
0x00050041,0x00000007,0x000017a5,0x00000513,
0x000017a0,0x0004003d,0x00000006,0x000017a6,
0x000017a5,0x000500c5,0x00000006,0x000017a7,
0x000017a6,0x000017a4,0x0003003e,0x000017a5,
0x000017a7,0x000200f9,0x000017a9,0x000200f8,
0x000017a9,0x000200f9,0x000017aa,0x000200f8,
0x000017aa,0x00050080,0x00000015,0x000017ac,
0x000019c0,0x000000a8,0x000200f9,0x0000178f,
0x000200f8,0x000017ad,0x00050041,0x00000016,
0x00001661,0x000015b6,0x000000a8,0x0004003d,
0x00000015,0x00001662,0x00001661,0x0004007c,
0x00000006,0x00001663,0x00001662,0x000200f9,
0x000017b1,0x000200f8,0x000017b1,0x000700f5,
0x00000015,0x000019c1,0x0000004e,0x000017ad,
0x000017ce,0x000017cc,0x000500b1,0x000000b4,
0x000017b5,0x000019c1,0x0000017e,0x000400f6,
0x000017cf,0x000017cc,0x00000000,0x000400fa,
0x000017b5,0x000017b6,0x000017cf,0x000200f8,
0x000017b6,0x0004007c,0x00000006,0x000017b9,
0x000019c1,0x000500c4,0x00000006,0x000017ba,
0x00000055,0x000017b9,0x000500c7,0x00000006,
0x000017bb,0x00001663,0x000017ba,0x000500ab,
0x000000b4,0x000017bc,0x000017bb,0x0000011c,
0x000300f7,0x000017cb,0x00000000,0x000400fa,
0x000017bc,0x000017bd,0x000017cb,0x000200f8,
0x000017bd,0x00050080,0x00000015,0x000017c0,
0x000005f0,0x000019c1,0x000500c3,0x00000015,
0x000017c2,0x000017c0,0x000001c1,0x000500c7,
0x00000015,0x000017c4,0x000017c0,0x00000517,
0x0004007c,0x00000006,0x000017c5,0x000017c4,
0x000500c4,0x00000006,0x000017c6,0x00000055,
0x000017c5,0x00050041,0x00000007,0x000017c7,
0x00000513,0x000017c2,0x0004003d,0x00000006,
0x000017c8,0x000017c7,0x000500c5,0x00000006,
0x000017c9,0x000017c8,0x000017c6,0x0003003e,
0x000017c7,0x000017c9,0x000200f9,0x000017cb,
0x000200f8,0x000017cb,0x000200f9,0x000017cc,
0x000200f8,0x000017cc,0x00050080,0x00000015,
0x000017ce,0x000019c1,0x000000a8,0x000200f9,
0x000017b1,0x000200f8,0x000017cf,0x00050041,
0x00000016,0x00001665,0x000015b9,0x000000a8,
0x0004003d,0x00000015,0x00001666,0x00001665,
0x0004007c,0x00000006,0x00001667,0x00001666,
0x000200f9,0x000017d3,0x000200f8,0x000017d3,
0x000700f5,0x00000015,0x000019c2,0x0000004e,
0x000017cf,0x000017f0,0x000017ee,0x000500b1,
0x000000b4,0x000017d7,0x000019c2,0x0000017e,
0x000400f6,0x000017f1,0x000017ee,0x00000000,
0x000400fa,0x000017d7,0x000017d8,0x000017f1,
0x000200f8,0x000017d8,0x0004007c,0x00000006,
0x000017db,0x000019c2,0x000500c4,0x00000006,
0x000017dc,0x00000055,0x000017db,0x000500c7,
0x00000006,0x000017dd,0x00001667,0x000017dc,
0x000500ab,0x000000b4,0x000017de,0x000017dd,
0x0000011c,0x000300f7,0x000017ed,0x00000000,
0x000400fa,0x000017de,0x000017df,0x000017ed,
0x000200f8,0x000017df,0x00050080,0x00000015,
0x000017e2,0x000005f8,0x000019c2,0x000500c3,
0x00000015,0x000017e4,0x000017e2,0x000001c1,
0x000500c7,0x00000015,0x000017e6,0x000017e2,
0x00000517,0x0004007c,0x00000006,0x000017e7,
0x000017e6,0x000500c4,0x00000006,0x000017e8,
0x00000055,0x000017e7,0x00050041,0x00000007,
0x000017e9,0x00000513,0x000017e4,0x0004003d,
0x00000006,0x000017ea,0x000017e9,0x000500c5,
0x00000006,0x000017eb,0x000017ea,0x000017e8,
0x0003003e,0x000017e9,0x000017eb,0x000200f9,
0x000017ed,0x000200f8,0x000017ed,0x000200f9,
0x000017ee,0x000200f8,0x000017ee,0x00050080,
0x00000015,0x000017f0,0x000019c2,0x000000a8,
0x000200f9,0x000017d3,0x000200f8,0x000017f1,
0x00050041,0x00000016,0x00001669,0x000015b6,
0x000000d3,0x0004003d,0x00000015,0x0000166a,
0x00001669,0x0004007c,0x00000006,0x0000166b,
0x0000166a,0x000200f9,0x000017f5,0x000200f8,
0x000017f5,0x000700f5,0x00000015,0x000019c3,
0x0000004e,0x000017f1,0x00001812,0x00001810,
0x000500b1,0x000000b4,0x000017f9,0x000019c3,
0x0000017e,0x000400f6,0x00001813,0x00001810,
0x00000000,0x000400fa,0x000017f9,0x000017fa,
0x00001813,0x000200f8,0x000017fa,0x0004007c,
0x00000006,0x000017fd,0x000019c3,0x000500c4,
0x00000006,0x000017fe,0x00000055,0x000017fd,
0x000500c7,0x00000006,0x000017ff,0x0000166b,
0x000017fe,0x000500ab,0x000000b4,0x00001800,
0x000017ff,0x0000011c,0x000300f7,0x0000180f,
0x00000000,0x000400fa,0x00001800,0x00001801,
0x0000180f,0x000200f8,0x00001801,0x00050080,
0x00000015,0x00001804,0x00000600,0x000019c3,
0x000500c3,0x00000015,0x00001806,0x00001804,
0x000001c1,0x000500c7,0x00000015,0x00001808,
0x00001804,0x00000517,0x0004007c,0x00000006,
0x00001809,0x00001808,0x000500c4,0x00000006,
0x0000180a,0x00000055,0x00001809,0x00050041,
0x00000007,0x0000180b,0x00000513,0x00001806,
0x0004003d,0x00000006,0x0000180c,0x0000180b,
0x000500c5,0x00000006,0x0000180d,0x0000180c,
0x0000180a,0x0003003e,0x0000180b,0x0000180d,
0x000200f9,0x0000180f,0x000200f8,0x0000180f,
0x000200f9,0x00001810,0x000200f8,0x00001810,
0x00050080,0x00000015,0x00001812,0x000019c3,
0x000000a8,0x000200f9,0x000017f5,0x000200f8,
0x00001813,0x00050041,0x00000016,0x0000166d,
0x000015b9,0x000000d3,0x0004003d,0x00000015,
0x0000166e,0x0000166d,0x0004007c,0x00000006,
0x0000166f,0x0000166e,0x000200f9,0x00001817,
0x000200f8,0x00001817,0x000700f5,0x00000015,
0x000019c4,0x0000004e,0x00001813,0x00001834,
0x00001832,0x000500b1,0x000000b4,0x0000181b,
0x000019c4,0x0000017e,0x000400f6,0x00001835,
0x00001832,0x00000000,0x000400fa,0x0000181b,
0x0000181c,0x00001835,0x000200f8,0x0000181c,
0x0004007c,0x00000006,0x0000181f,0x000019c4,
0x000500c4,0x00000006,0x00001820,0x00000055,
0x0000181f,0x000500c7,0x00000006,0x00001821,
0x0000166f,0x00001820,0x000500ab,0x000000b4,
0x00001822,0x00001821,0x0000011c,0x000300f7,
0x00001831,0x00000000,0x000400fa,0x00001822,
0x00001823,0x00001831,0x000200f8,0x00001823,
0x00050080,0x00000015,0x00001826,0x00000608,
0x000019c4,0x000500c3,0x00000015,0x00001828,
0x00001826,0x000001c1,0x000500c7,0x00000015,
0x0000182a,0x00001826,0x00000517,0x0004007c,
0x00000006,0x0000182b,0x0000182a,0x000500c4,
0x00000006,0x0000182c,0x00000055,0x0000182b,
0x00050041,0x00000007,0x0000182d,0x00000513,
0x00001828,0x0004003d,0x00000006,0x0000182e,
0x0000182d,0x000500c5,0x00000006,0x0000182f,
0x0000182e,0x0000182c,0x0003003e,0x0000182d,
0x0000182f,0x000200f9,0x00001831,0x000200f8,
0x00001831,0x000200f9,0x00001832,0x000200f8,
0x00001832,0x00050080,0x00000015,0x00001834,
0x000019c4,0x000000a8,0x000200f9,0x00001817,
0x000200f8,0x00001835,0x000200f9,0x00001671,
0x000200f8,0x00001671,0x000700f5,0x00000015,
0x000019c8,0x0000004e,0x00001835,0x00001687,
0x00001675,0x000700f5,0x00000006,0x000019c5,
0x0000011c,0x00001835,0x0000168a,0x00001675,
0x000500b0,0x000000b4,0x00001674,0x000019c5,
0x0000012b,0x000400f6,0x0000168b,0x00001675,
0x00000000,0x000400fa,0x00001674,0x00001675,
0x0000168b,0x000200f8,0x00001675,0x00050041,
0x00000016,0x00001678,0x000015b9,0x000019c5,
0x0004003d,0x00000015,0x00001679,0x00001678,
0x00050041,0x00000016,0x0000167b,0x000015b6,
0x000019c5,0x0004003d,0x00000015,0x0000167c,
0x0000167b,0x00050082,0x00000015,0x0000167d,
0x00001679,0x0000167c,0x00050041,0x00000016,
0x0000167e,0x000015d6,0x000019c5,0x0003003e,
0x0000167e,0x0000167d,0x0004003d,0x00000015,
0x00001681,0x0000167e,0x0004003d,0x00000015,
0x00001684,0x0000167e,0x00050084,0x00000015,
0x00001685,0x00001681,0x00001684,0x00050080,
0x00000015,0x00001687,0x000019c8,0x00001685,
0x00050080,0x00000006,0x0000168a,0x000019c5,
0x000000a8,0x000200f9,0x00001671,0x000200f8,
0x0000168b,0x000200f9,0x0000168c,0x000200f8,
0x0000168c,0x000700f5,0x00000015,0x000019c6,
0x0000004e,0x0000168b,0x000016c2,0x000016c8,
0x000500b1,0x000000b4,0x0000168f,0x000019c6,
0x0000033f,0x000400f6,0x000016cb,0x000016c8,
0x00000000,0x000400fa,0x0000168f,0x00001690,
0x000016cb,0x000200f8,0x00001690,0x000500aa,
0x000000b4,0x00001692,0x000019c8,0x0000004e,
0x000300f7,0x000016c0,0x00000000,0x000400fa,
0x00001692,0x00001693,0x00001694,0x000200f8,
0x00001693,0x000200f9,0x000016c0,0x000200f8,
0x00001694,0x000200f9,0x00001695,0x000200f8,
0x00001695,0x000700f5,0x00000015,0x000019ca,
0x0000004e,0x00001694,0x000016a8,0x00001699,
0x000700f5,0x00000006,0x000019c9,0x0000011c,
0x00001694,0x000016ab,0x00001699,0x000500b0,
0x000000b4,0x00001698,0x000019c9,0x0000012b,
0x000400f6,0x000016ac,0x00001699,0x00000000,
0x000400fa,0x00001698,0x00001699,0x000016ac,
0x000200f8,0x00001699,0x0004007c,0x00000006,
0x0000169b,0x000019c6,0x00050041,0x00000007,
0x00001839,0x0000003d,0x0000169b,0x0004003d,
0x00000006,0x0000183a,0x00001839,0x00050084,
0x00000006,0x0000183c,0x000019c9,0x0000002d,
0x000500c2,0x00000006,0x0000183d,0x0000183a,
0x0000183c,0x000500c7,0x00000006,0x0000183e,
0x0000183d,0x00000045,0x0004007c,0x00000015,
0x0000169e,0x0000183e,0x00050041,0x00000016,
0x000016a0,0x000015b6,0x000019c9,0x0004003d,
0x00000015,0x000016a1,0x000016a0,0x00050082,
0x00000015,0x000016a2,0x0000169e,0x000016a1,
0x00050041,0x00000016,0x000016a4,0x000015d6,
0x000019c9,0x0004003d,0x00000015,0x000016a5,
0x000016a4,0x00050084,0x00000015,0x000016a6,
0x000016a2,0x000016a5,0x00050080,0x00000015,
0x000016a8,0x000019ca,0x000016a6,0x00050080,
0x00000006,0x000016ab,0x000019c9,0x000000a8,
0x000200f9,0x00001695,0x000200f8,0x000016ac,
0x000500b3,0x000000b4,0x000016ae,0x000019ca,
0x0000004e,0x000300f7,0x000016bf,0x00000000,
0x000400fa,0x000016ae,0x000016af,0x000016b0,
0x000200f8,0x000016af,0x000200f9,0x000016bf,
0x000200f8,0x000016b0,0x000500af,0x000000b4,
0x000016b3,0x000019ca,0x000019c8,0x000300f7,
0x000016be,0x00000000,0x000400fa,0x000016b3,
0x000016b4,0x000016b5,0x000200f8,0x000016b4,
0x000200f9,0x000016be,0x000200f8,0x000016b5,
0x00050084,0x00000015,0x000016b7,0x000019ca,
0x000001a9,0x00050087,0x00000015,0x000016b9,
0x000019c8,0x000000d3,0x00050080,0x00000015,
0x000016ba,0x000016b7,0x000016b9,0x00050087,
0x00000015,0x000016bc,0x000016ba,0x000019c8,
0x0004007c,0x00000006,0x000016bd,0x000016bc,
0x000200f9,0x000016be,0x000200f8,0x000016be,
0x000700f5,0x00000006,0x000019d2,0x000000c1,
0x000016b4,0x000016bd,0x000016b5,0x000200f9,
0x000016bf,0x000200f8,0x000016bf,0x000700f5,
0x00000006,0x000019d1,0x0000011c,0x000016af,
0x000019d2,0x000016be,0x000200f9,0x000016c0,
0x000200f8,0x000016c0,0x000700f5,0x00000006,
0x000019d0,0x0000011c,0x00001693,0x000019d1,
0x000016bf,0x00050080,0x00000015,0x000016c2,
0x000019c6,0x000000a8,0x00050084,0x00000015,
0x000016c3,0x000016c2,0x000000f2,0x00050082,
0x00000015,0x000016c4,0x00000330,0x000016c3,
0x000200f9,0x00001843,0x000200f8,0x00001843,
0x000700f5,0x00000006,0x000019d4,0x0000011c,
0x000016c0,0x00001855,0x00001848,0x000700f5,
0x00000015,0x000019d3,0x0000004e,0x000016c0,
0x00001858,0x00001848,0x000500b1,0x000000b4,
0x00001847,0x000019d3,0x000000f2,0x000400f6,
0x00001859,0x00001848,0x00000000,0x000400fa,
0x00001847,0x00001848,0x00001859,0x000200f8,
0x00001848,0x0004007c,0x00000006,0x0000184b,
0x000019d3,0x000500c2,0x00000006,0x0000184c,
0x000019d0,0x0000184b,0x000500c7,0x00000006,
0x0000184d,0x0000184c,0x00000055,0x00050082,
0x00000015,0x00001851,0x000000d3,0x000019d3,
0x0004007c,0x00000006,0x00001852,0x00001851,
0x000500c4,0x00000006,0x00001853,0x0000184d,
0x00001852,0x000500c5,0x00000006,0x00001855,
0x000019d4,0x00001853,0x00050080,0x00000015,
0x00001858,0x000019d3,0x000000a8,0x000200f9,
0x00001843,0x000200f8,0x00001859,0x000200f9,
0x0000185e,0x000200f8,0x0000185e,0x000700f5,
0x00000015,0x000019d5,0x0000004e,0x00001859,
0x0000187b,0x00001879,0x000500b1,0x000000b4,
0x00001862,0x000019d5,0x000000f2,0x000400f6,
0x0000187c,0x00001879,0x00000000,0x000400fa,
0x00001862,0x00001863,0x0000187c,0x000200f8,
0x00001863,0x0004007c,0x00000006,0x00001866,
0x000019d5,0x000500c4,0x00000006,0x00001867,
0x00000055,0x00001866,0x000500c7,0x00000006,
0x00001868,0x000019d4,0x00001867,0x000500ab,
0x000000b4,0x00001869,0x00001868,0x0000011c,
0x000300f7,0x00001878,0x00000000,0x000400fa,
0x00001869,0x0000186a,0x00001878,0x000200f8,
0x0000186a,0x00050080,0x00000015,0x0000186d,
0x000016c4,0x000019d5,0x000500c3,0x00000015,
0x0000186f,0x0000186d,0x000001c1,0x000500c7,
0x00000015,0x00001871,0x0000186d,0x00000517,
0x0004007c,0x00000006,0x00001872,0x00001871,
0x000500c4,0x00000006,0x00001873,0x00000055,
0x00001872,0x00050041,0x00000007,0x00001874,
0x00000513,0x0000186f,0x0004003d,0x00000006,
0x00001875,0x00001874,0x000500c5,0x00000006,
0x00001876,0x00001875,0x00001873,0x0003003e,
0x00001874,0x00001876,0x000200f9,0x00001878,
0x000200f8,0x00001878,0x000200f9,0x00001879,
0x000200f8,0x00001879,0x00050080,0x00000015,
0x0000187b,0x000019d5,0x000000a8,0x000200f9,
0x0000185e,0x000200f8,0x0000187c,0x000200f9,
0x000016c8,0x000200f8,0x000016c8,0x000200f9,
0x0000168c,0x000200f8,0x000016cb,0x000200f9,
0x00000a3b,0x000200f8,0x00000a3b,0x00050084,
0x00000006,0x00000a43,0x00000a06,0x00000a0d,
0x00050080,0x00000006,0x00000a45,0x00000a43,
0x00000a03,0x00050084,0x00000006,0x00000a46,
0x00000a45,0x0000008e,0x00050041,0x00000007,
0x00000a4d,0x00000513,0x0000004e,0x0004003d,
0x00000006,0x00000a4e,0x00000a4d,0x00060041,
0x00000050,0x00000a4f,0x00000a4a,0x0000004e,
0x00000a46,0x0003003e,0x00000a4f,0x00000a4e,
0x00050080,0x00000006,0x00000a51,0x00000a46,
0x00000055,0x00050041,0x00000007,0x00000a52,
0x00000513,0x000000a8,0x0004003d,0x00000006,
0x00000a53,0x00000a52,0x00060041,0x00000050,
0x00000a54,0x00000a4a,0x0000004e,0x00000a51,
0x0003003e,0x00000a54,0x00000a53,0x00050080,
0x00000006,0x00000a56,0x00000a46,0x000000b8,
0x00050041,0x00000007,0x00000a57,0x00000513,
0x000000d3,0x0004003d,0x00000006,0x00000a58,
0x00000a57,0x00060041,0x00000050,0x00000a59,
0x00000a4a,0x0000004e,0x00000a56,0x0003003e,
0x00000a59,0x00000a58,0x00050080,0x00000006,
0x00000a5b,0x00000a46,0x0000012b,0x00050041,
0x00000007,0x00000a5c,0x00000513,0x000000f2,
0x0004003d,0x00000006,0x00000a5d,0x00000a5c,
0x00060041,0x00000050,0x00000a5e,0x00000a4a,
0x0000004e,0x00000a5b,0x0003003e,0x00000a5e,
0x00000a5d,0x000200f9,0x00000a60,0x000200f8,
0x00000a60,0x000100fd,0x00010038}
;
#endif
